t,|i=0,IL,OO,IS_Pipeline,IS,IO_Pipeline,IO,OQ,OS,DMFS,FR,EIL,BO,HC,SC,ITHC,TC,|i=1,IL,OO,IS_Pipeline,IS,IO_Pipeline,IO,OQ,OS,DMFS,FR,EIL,BO,HC,SC,ITHC,TC,|i=2,IL,OO,IS_Pipeline,IS,IO_Pipeline,IO,OQ,OS,DMFS,FR,EIL,BO,HC,SC,ITHC,TC
Avg,|,1.0150079494445783,5.619310079568484,,5.039350779741236,,5.111509794247767,5.111509794247767,5.104250779741236,4.940539035549617,0.9628193803611346,0.9428489349380476,0.17822977320468109,7.796737855453387,6.346434562875345,0.0,14.143172418328733,|,0.12050853240684145,5.55380949660622,,5.039350779741236,,5.111509794247767,5.111509794247767,5.094650779741237,4.659009508927046,0.9125811285575145,0.04834951790031078,0.4693592998272523,2.00339921288413,0.0,20.378603118964946,22.382002331849066,|,0.6590504533255944,10.270771601303597,,4.99159876693317,,5.111509794247767,5.111509794247767,5.0984987669331705,4.728358079081245,0.9229123715759071,0.539139426010998,0.3961627424811179,1.8445822823550386,0.0,10.19699753386634,12.041579816221379
""
0,|,6.49,5.276265890021318,"{1: [0, 5.276265890021318, 0]}",0,{None: [0]},5.276265890021318,5.276265890021318,5.276265890021318,5.276265890021318,1.0,1.2137341099786818,0,8.496138769850774,0.0,0.0,8.496138769850774,|,5.53,5.276265890021318,"{2: [0, 5.276265890021318, 0]}",0,{0: [0]},5.276265890021318,5.276265890021318,5.276265890021318,5.276265890021318,1.0,0.25373410997868184,0,1.0149364399147274,0,21.105063560085274,22.12,|,10.69,5.276265890021318,"{None: [0, 0, 5.276265890021318, 0, 0]}",0,{1: [0]},5.276265890021318,5.276265890021318,5.276265890021318,5.276265890021318,1.0,5.413734109978681,0,10.827468219957362,0,10.552531780042637,21.38
1,|,1.2137341099786818,3.1453719211934947,"{1: [0, 3.1453719211934947, 0]}",5.276265890021318,{None: [0]},3.1453719211934947,3.1453719211934947,3.1453719211934947,3.1453719211934947,1.0,3.3446280788065055,0,23.41239655164554,0.0,0.0,23.41239655164554,|,0.25373410997868184,3.1453719211934947,"{2: [0, 3.1453719211934947, 0]}",5.276265890021318,{0: [0]},3.1453719211934947,3.1453719211934947,3.1453719211934947,3.1453719211934947,1.0,2.3846280788065055,0,9.538512315226022,0,12.581487684773979,22.12,|,5.413734109978681,8.421637811214813,"{None: [0, 5.276265890021318, 3.1453719211934947, 0, 0]}",0,{1: [0]},3.1453719211934947,3.1453719211934947,3.1453719211934947,3.1453719211934947,1.0,2.2683621887851864,0,4.536724377570373,0,6.2907438423869895,10.827468219957362
2,|,3.3446280788065055,5.623901111326357,"{1: [0, 5.53, 0]}",3.1453719211934947,{None: [0]},5.623901111326356,5.623901111326356,5.623901111326356,5.623901111326356,1.0,0.866098888673644,0,6.062692220715508,0.0,0.0,6.062692220715508,|,2.3846280788065055,5.623901111326357,"{2: [0, 5.623901111326356, 0]}",3.1453719211934947,{0: [0]},5.623901111326356,5.623901111326356,5.53,5.53,0.9933145241457657,-0.09390111132635592,0.09390111132635592,0,0.0,22.12,22.12,|,2.2683621887851864,8.769273032519852,"{None: [0, 3.1453719211934947, 5.623901111326356, 0, 0]}",5.276265890021318,{1: [0]},5.623901111326356,5.623901111326356,5.623901111326356,5.623901111326356,1.0,1.9207269674801486,0,3.841453934960297,0,11.247802222652712,15.08925615761301
3,|,0.866098888673644,6.239212400898446,"{1: [0, 5.623901111326356, 0]}",5.53,{None: [0]},6.14531128957209,6.145311289572089,6.14531128957209,6.14531128957209,1.0,0.250787599101554,0,1.755513193710878,0.0,0.0,1.755513193710878,|,-0.09390111132635592,6.14531128957209,"{2: [0, 5.066098888673643, 0]}",5.623901111326356,{0: [0]},6.145311289572089,6.1453112895720885,5.623901111326356,5.53,0.9648745647930684,-0.6153112895720891,0.6153112895720891,0,0.0,22.495604445305425,22.495604445305425,|,1.9207269674801486,11.769212400898443,"{None: [0, 5.623901111326356, 6.145311289572087, 0, 0]}",3.1453719211934947,{1: [0]},6.1453112895720885,6.145311289572087,5.066098888673643,5.066098888673643,0.9465494325617361,-1.0792124008984452,1.0792124008984452,0,0.0,10.132197777347287,10.132197777347287
4,|,0.250787599101554,6.652501757799973,"{1: [0, 5.066098888673643, 0]}",5.623901111326356,{None: [0]},6.037190468227883,6.037190468227883,5.87468871042791,5.87468871042791,0.993804273838809,-0.16250175779997278,0.16250175779997278,0,6.032065249534989,0.0,6.032065249534989,|,-0.6153112895720891,7.116402869126329,"{2: [0, 5.623901111326356, 0]}",5.066098888673643,{0: [0]},6.037190468227883,6.037190468227882,5.066098888673643,4.450787599101554,0.9124747708758353,-1.5864028691263288,1.5864028691263288,0,0.0,20.264395554694573,20.264395554694573,|,-1.0792124008984452,12.18250175779997,"{None: [0, 6.145311289572087, 6.037190468227884, 0, 0]}",5.623901111326356,{1: [0]},6.037190468227882,6.037190468227884,5.623901111326356,4.544688710427911,0.9019479117772604,-1.492501757799971,1.492501757799971,0,0.0,11.247802222652712,11.247802222652712
5,|,-0.16250175779997278,8.473041798907937,"{1: [0, 5.623901111326356, 0]}",5.066098888673643,{None: [0]},6.886638929781608,6.886638929781608,5.066098888673643,4.9035971308736706,0.9352086874471212,-1.9830417989079372,1.9830417989079372,0,73.61051157546262,0.0,73.61051157546262,|,-1.5864028691263288,8.37914068758158,"{2: [0, 6.145311289572087, 0]}",5.623901111326356,{0: [0]},6.886638929781608,6.886638929781608,5.623901111326356,4.037498242200027,0.8446382082454554,-2.8491406875815803,2.8491406875815803,0,0.0,22.495604445305425,22.495604445305425,|,-1.492501757799971,12.923829398009493,"{None: [0, 6.037190468227884, 6.886638929781608, 0, 0]}",6.145311289572087,{1: [0]},6.886638929781608,6.886638929781608,6.145311289572087,4.652809531772116,0.8548817740867131,-2.233829398009492,2.233829398009492,0,0.0,12.290622579144173,12.290622579144173
6,|,-1.9830417989079372,7.737442397452815,"{1: [0, 6.145311289572087, 0]}",5.623901111326356,{None: [0]},4.888301709871234,4.888301709871234,5.623901111326356,3.640859312418419,0.9107179006407159,-1.247442397452815,1.247442397452815,0,46.305061793448495,0.0,46.305061793448495,|,-2.8491406875815803,7.122131107880728,"{2: [0, 6.037190468227884, 0]}",6.145311289572087,{0: [0]},4.888301709871234,4.888301709871234,6.145311289572087,3.2961706019905064,0.8227274063379155,-1.5921311078807276,1.5921311078807276,0,0.0,24.581245158288347,24.581245158288347,|,-2.233829398009492,11.77494063965284,"{None: [0, 6.886638929781608, 4.888301709871232, 0, 0]}",6.037190468227884,{1: [0]},4.888301709871234,4.888301709871232,6.037190468227884,3.8033610702183918,0.8449994186834581,-1.0849406396528423,1.0849406396528423,0,0.0,12.074380936455768,12.074380936455768
7,|,-1.247442397452815,6.23002976948168,"{1: [0, 6.037190468227884, 0]}",6.145311289572087,{None: [0]},4.637898661600952,4.637898661600952,5.885341059053767,4.637898661600952,0.9204288008215301,0.25997023051832,0.0,1.8197916136282402,0.0,0.0,1.8197916136282402,|,-1.5921311078807276,5.722839301253796,"{2: [0, 5.722839301253794, 0]}",6.037190468227884,{0: [0]},4.637898661600952,4.637898661600952,6.037190468227884,4.445059360347156,0.837486319003455,-0.19283930125379545,0.19283930125379545,0,0.0,24.148761872911535,24.148761872911535,|,-1.0849406396528423,9.526200371472186,"{None: [0, 4.888301709871232, 4.637898661600953, 0, 0]}",6.886638929781608,{1: [0]},4.637898661600952,4.637898661600953,5.722839301253794,4.637898661600952,0.8618582871905256,1.1637996285278138,0.0,2.3275992570556276,0,11.445678602507588,13.773277859563215
8,|,0.25997023051832,5.341514346299039,"{1: [0, 5.341514346299039, 0]}",6.037190468227884,{None: [0]},5.148675045045244,5.148675045045244,5.148675045045244,5.148675045045244,0.9290015160787894,1.14848565370096,0.0,8.039399575906721,0.0,0.0,8.039399575906721,|,-0.19283930125379545,5.1486750450452465,"{2: [0, 5.148675045045244, 0]}",5.722839301253794,{0: [0]},5.148675045045244,5.148675045045244,5.341514346299039,5.148675045045244,0.8549949594032018,0.3813249549547546,0.0,1.5252998198190184,0,21.366057385196157,22.891357205015176,|,1.1637996285278138,9.786573706646198,"{None: [0, 4.637898661600953, 5.148675045045244, 0, 0]}",4.888301709871232,{1: [0]},5.148675045045244,5.148675045045244,5.148675045045244,5.148675045045244,0.876741179258164,0.9034262933538022,0.0,1.8068525867076044,0,10.297350090090488,12.104202676798092
9,|,1.14848565370096,4.562216847485368,"{1: [0, 4.562216847485368, 0]}",5.341514346299039,{None: [0]},4.5622168474853675,4.562216847485368,4.5622168474853675,4.5622168474853675,0.935188708372301,1.9277831525146318,0.0,13.494482067602423,0.0,0.0,13.494482067602423,|,0.3813249549547546,4.562216847485371,"{2: [0, 4.5622168474853675, 0]}",5.148675045045244,{0: [0]},4.562216847485368,4.5622168474853675,4.562216847485368,4.562216847485368,0.8676314837365449,0.9677831525146301,0.0,3.8711326100585204,0,18.248867389941474,22.119999999999994,|,0.9034262933538022,9.710891892530611,"{None: [0, 5.148675045045244, 4.562216847485366, 0, 0]}",4.637898661600953,{1: [0]},4.5622168474853675,4.562216847485366,4.5622168474853675,4.5622168474853675,0.8874826202535453,0.9791081074693881,0.0,1.9582162149387763,0,9.124433694970735,11.082649909909511
10,|,1.9277831525146318,7.171256997506642,"{1: [0, 5.529999999999998, 0]}",4.562216847485368,{None: [0]},7.171256997506642,7.171256997506642,6.49,6.49,0.9315518207170891,-0.681256997506642,0.681256997506642,0,25.28825974744655,0.0,25.28825974744655,|,0.9677831525146301,7.171256997506645,"{2: [0, 6.127783152514632, 0]}",4.5622168474853675,{0: [0]},7.171256997506642,7.171256997506641,5.529999999999998,5.529999999999998,0.8560055910002199,-1.6412569975066447,1.6412569975066447,0,0.0,22.11999999999999,22.11999999999999,|,0.9791081074693881,11.733473844992009,"{None: [0, 4.562216847485366, 7.171256997506641, 0, 0]}",5.148675045045244,{1: [0]},7.171256997506641,7.171256997506641,6.127783152514632,6.127783152514632,0.8835079771174517,-1.0434738449920093,1.0434738449920093,0,0.0,12.255566305029264,12.255566305029264
11,|,-0.681256997506642,7.793567248130298,"{1: [0, 6.127783152514632, 0]}",5.529999999999998,{None: [0]},6.152310250623654,6.152310250623654,5.529999999999998,4.8487430024933555,0.9181152275470283,-1.3035672481302987,1.3035672481302987,0,48.388416250596684,0.0,48.388416250596684,|,-1.6412569975066447,7.195784095615667,"{2: [0, 4.562216847485366, 0]}",6.127783152514632,{0: [0]},6.152310250623654,6.152310250623654,6.127783152514632,4.486526155007987,0.8441307255253412,-1.6657840956156669,1.6657840956156669,0,0.0,24.511132610058528,24.511132610058528,|,-1.0434738449920093,13.323567248130296,"{None: [0, 7.171256997506641, 6.152310250623654, 0, 0]}",4.562216847485366,{1: [0]},6.152310250623654,6.152310250623654,4.562216847485366,3.5187430024933564,0.8543208848655821,-2.633567248130298,2.633567248130298,0,0.0,9.124433694970731,9.124433694970731
12,|,-1.3035672481302987,4.846971756312839,"{1: [0, 4.562216847485366, 0]}",6.127783152514632,{None: [0]},3.181187660697171,3.181187660697172,4.48475490882747,3.181187660697171,0.9218983232083517,1.6430282436871622,0.0,11.501197705810135,0.0,0.0,11.501197705810135,|,-1.6657840956156669,5.8147549088274735,"{2: [0, 5.81475490882747, 0]}",4.562216847485366,{0: [0]},3.181187660697172,3.181187660697172,4.562216847485366,2.896432751869699,0.8471964407694245,-0.28475490882747323,0.28475490882747323,0,0.0,18.248867389941463,18.248867389941463,|,-2.633567248130298,9.333497911320826,"{None: [0, 6.152310250623654, 3.181187660697174, 0, 0]}",7.171256997506641,{1: [0]},3.181187660697172,3.181187660697174,5.81475490882747,3.181187660697172,0.8610512940967607,1.3565020886791714,0.0,2.713004177358343,0,11.62950981765494,14.342513995013283
13,|,1.6430282436871622,5.14670556797783,"{1: [0, 5.146705567977831, 0]}",4.562216847485366,{None: [0]},4.8619506591503585,4.861950659150358,4.8619506591503585,4.8619506591503585,0.9270493587713982,1.3432944320221694,0.0,9.403061024155186,0.0,0.0,9.403061024155186,|,-0.28475490882747323,4.86195065915036,"{2: [0, 4.861950659150358, 0]}",5.81475490882747,{0: [0]},4.861950659150358,4.861950659150358,5.146705567977831,4.861950659150358,0.8572742854469017,0.6680493408496391,0.0,2.6721973633985563,0,20.586822271911323,23.25901963530988,|,1.3565020886791714,8.043138319847532,"{None: [0, 3.181187660697174, 4.861950659150359, 0, 0]}",6.152310250623654,{1: [0]},4.861950659150358,4.861950659150359,4.861950659150358,4.861950659150358,0.8702153704002209,2.646861680152468,0.0,5.293723360304936,0,9.723901318300715,15.017624678605651
14,|,1.3432944320221694,5.539839613857675,"{1: [0, 5.529999999999997, 0]}",5.146705567977831,{None: [0]},5.539839613857675,5.5398396138576755,5.539839613857675,5.539839613857675,0.9321483170529522,0.9501603861423256,0.0,6.651122702996279,0.0,0.0,6.651122702996279,|,0.6680493408496391,5.539839613857678,"{2: [0, 5.539839613857676, 0]}",4.861950659150358,{0: [0]},5.5398396138576755,5.539839613857676,5.529999999999997,5.529999999999997,0.8671260963677467,-0.009839613857678842,0.009839613857678842,0,0.0,22.119999999999987,22.119999999999987,|,2.646861680152468,10.401790273008032,"{None: [0, 4.861950659150359, 5.539839613857675, 0, 0]}",3.181187660697174,{1: [0]},5.539839613857676,5.539839613857675,5.539839613857676,5.539839613857676,0.879286797337271,0.28820972699196545,0.0,0.5764194539839309,0,11.079679227715353,11.656098681699284
15,|,0.9501603861423256,3.2345573267493792,"{1: [0, 3.23455732674938, 0]}",5.529999999999997,{None: [0]},3.2247177128917013,3.2247177128917013,3.2247177128917013,3.2247177128917013,0.9348010143556401,3.255442673250621,0.0,22.788098712754348,0.0,0.0,22.788098712754348,|,-0.009839613857678842,3.224717712891703,"{2: [0, 3.224717712891702, 0]}",5.539839613857676,{0: [0]},3.2247177128917013,3.224717712891702,3.23455732674938,3.2247177128917013,0.872320871654868,2.3052822871082963,0.0,9.221129148433185,0,12.93822930699752,22.159358455430706,|,0.28820972699196545,8.764557326749376,"{None: [0, 5.539839613857675, 3.224717712891704, 0, 0]}",4.861950659150359,{1: [0]},3.224717712891702,3.224717712891704,3.224717712891702,3.224717712891702,0.8840061436112927,1.9254426732506227,0.0,3.8508853465012454,0,6.449435425783404,10.30032077228465
16,|,3.255442673250621,6.314876535880368,"{1: [0, 5.5299999999999985, 0]}",3.23455732674938,{None: [0]},6.314876535880369,6.314876535880369,6.314876535880369,6.314876535880369,0.9394376498187856,0.17512346411963176,0.0,1.2258642488374223,0.0,0.0,1.2258642488374223,|,2.3052822871082963,6.31487653588037,"{2: [0, 6.31487653588037, 0]}",3.224717712891702,{0: [0]},6.314876535880369,6.31487653588037,5.5299999999999985,5.5299999999999985,0.8725618840335773,-0.7848765358803709,0.7848765358803709,0,0.0,22.119999999999994,22.119999999999994,|,1.9254426732506227,9.539594248772074,"{None: [0, 3.224717712891704, 6.314876535880372, 0, 0]}",5.539839613857675,{1: [0]},6.31487653588037,6.314876535880372,6.31487653588037,6.31487653588037,0.8922550637857956,1.150405751227927,0.0,2.300811502455854,0,12.62975307176074,14.930564574216595
17,|,0.17512346411963176,5.311428488806317,"{1: [0, 5.311428488806318, 0]}",5.5299999999999985,{None: [0]},4.526551952925947,4.5265519529259475,4.526551952925947,4.526551952925947,0.9423751285346256,1.1785715111936836,0.0,8.250000578355785,0.0,0.0,8.250000578355785,|,-0.7848765358803709,4.526551952925948,"{2: [0, 4.375123464119631, 0]}",6.31487653588037,{0: [0]},4.5265519529259475,4.526551952925948,5.311428488806318,4.5265519529259475,0.8787430634646592,1.0034480470740519,0.0,4.0137921882962075,0,21.245713955225273,25.25950614352148,|,1.150405751227927,10.841428488806319,"{None: [0, 6.314876535880372, 4.526551952925947, 0, 0]}",3.224717712891704,{1: [0]},4.526551952925948,4.526551952925947,4.375123464119631,4.375123464119631,0.8958584551249295,-0.15142848880631732,0.15142848880631732,0,0.0,8.750246928239262,8.750246928239262
18,|,1.1785715111936836,3.9077700992728124,"{1: [0, 3.9077700992728146, 0]}",5.311428488806318,{None: [0]},3.9077700992728146,3.9077700992728146,3.9077700992728146,3.9077700992728146,0.9446910760544176,2.5822299007271874,0.0,18.07560930509031,0.0,0.0,18.07560930509031,|,1.0034480470740519,4.0591985880791315,"{2: [0, 4.059198588079132, 0]}",4.375123464119631,{0: [0]},3.9077700992728146,3.9077700992728146,3.9077700992728146,3.9077700992728146,0.8836163880254845,1.4708014119208683,0.0,5.883205647683473,0,15.631080397091258,21.51428604477473,|,-0.15142848880631732,8.434322052198759,"{None: [0, 4.526551952925947, 3.9077700992728133, 0, 0]}",6.314876535880372,{1: [0]},3.9077700992728146,3.9077700992728133,4.059198588079132,3.907770099272815,0.9000439109260007,2.25567794780124,0.0,4.51135589560248,0,8.118397176158265,12.629753071760746
19,|,2.5822299007271874,4.749972558262245,"{1: [0, 4.7499725582622485, 0]}",3.9077700992728146,{None: [0]},4.7499725582622485,4.7499725582622485,4.7499725582622485,4.7499725582622485,0.9472671712527014,1.7400274417377535,0.0,12.180192092164274,0.0,0.0,12.180192092164274,|,1.4708014119208683,4.7499725582622485,"{2: [0, 4.749972558262249, 0]}",4.059198588079132,{0: [0]},4.7499725582622485,4.749972558262249,4.7499725582622485,4.7499725582622485,0.8890371274392809,0.7800274417377526,0.0,3.1201097669510105,0,18.999890233048994,22.120000000000005,|,2.25567794780124,8.657742657535064,"{None: [0, 3.9077700992728133, 4.749972558262249, 0, 0]}",4.526551952925947,{1: [0]},4.749972558262249,4.749972558262249,4.749972558262249,4.749972558262249,0.9046995140861003,2.032257342464937,0.0,4.064514684929874,0,9.499945116524499,13.564459801454372
20,|,1.7400274417377535,4.017705696417641,"{1: [0, 4.017705696417645, 0]}",4.7499725582622485,{None: [0]},4.017705696417643,4.017705696417645,4.017705696417643,4.017705696417643,0.9492658992065749,2.472294303582359,0.0,17.306060125076513,0.0,0.0,17.306060125076513,|,0.7800274417377526,4.017705696417644,"{2: [0, 4.017705696417644, 0]}",4.749972558262249,{0: [0]},4.017705696417645,4.017705696417644,4.017705696417645,4.017705696417645,0.8932429438253506,1.5122943035823573,0.0,6.049177214329429,0,16.07082278567058,22.120000000000008,|,2.032257342464937,8.767678254679893,"{None: [0, 4.749972558262249, 4.017705696417642, 0, 0]}",3.9077700992728133,{1: [0]},4.017705696417644,4.017705696417642,4.017705696417644,4.017705696417644,0.9083116803540362,1.9223217453201062,0.0,3.8446434906402125,0,8.035411392835288,11.8800548834755
21,|,2.472294303582359,6.031269092479089,"{1: [0, 5.530000000000001, 0]}",4.017705696417645,{None: [0]},6.031269092479093,6.031269092479093,6.031269092479093,6.031269092479093,0.9519972014398194,0.45873090752091095,0.0,3.2111163526463766,0.0,0.0,3.2111163526463766,|,1.5122943035823573,6.031269092479092,"{2: [0, 6.031269092479092, 0]}",4.017705696417644,{0: [0]},6.031269092479093,6.031269092479092,5.530000000000001,5.530000000000001,0.8945159058697997,-0.5012690924790917,0.5012690924790917,0,0.0,22.120000000000005,22.120000000000005,|,1.9223217453201062,10.048974788896736,"{None: [0, 4.017705696417642, 6.031269092479092, 0, 0]}",4.749972558262249,{1: [0]},6.031269092479092,6.031269092479092,6.031269092479092,6.031269092479092,0.9132477787236738,0.6410252111032637,0.0,1.2820504222065274,0,12.062538184958184,13.344588607164711
22,|,0.45873090752091095,5.9926028679933,"{1: [0, 5.992602867993304, 0]}",5.530000000000001,{None: [0]},5.491333775514212,5.491333775514212,5.491333775514212,5.491333775514212,0.9542401707144299,0.4973971320067001,0.0,3.4817799240469007,0.0,0.0,3.4817799240469007,|,-0.5012690924790917,5.491333775514211,"{2: [0, 4.658730907520906, 0]}",6.031269092479092,{0: [0]},5.491333775514212,5.491333775514212,5.992602867993304,5.491333775514212,0.8994447347962538,0.03866622448578827,0.0,0.15466489794315308,0,23.970411471973215,24.125076369916368,|,0.6410252111032637,11.522602867993307,"{None: [0, 6.031269092479092, 5.491333775514212, 0, 0]}",4.017705696417642,{1: [0]},5.491333775514212,5.491333775514212,4.658730907520906,4.658730907520906,0.9102167215107212,-0.8326028679933062,0.8326028679933062,0,0.0,9.317461815041812,9.317461815041812
23,|,0.4973971320067001,4.553353395797144,"{1: [0, 4.5533533957971475, 0]}",5.992602867993304,{None: [0]},4.5533533957971475,4.5533533957971475,4.5533533957971475,4.5533533957971475,0.9559469836799639,1.9366466042028563,0.0,13.556526229419994,0.0,0.0,13.556526229419994,|,0.03866622448578827,5.385956263790454,"{2: [0, 5.385956263790455, 0]}",4.658730907520906,{0: [0]},4.5533533957971475,4.553353395797148,4.5533533957971475,4.5533533957971475,0.9031953831942491,0.14404373620954658,0.0,0.5761749448381863,0,18.21341358318859,18.789588528026776,|,-0.8326028679933062,10.04468717131136,"{None: [0, 5.491333775514212, 4.553353395797147, 0, 0]}",6.031269092479092,{1: [0]},4.553353395797148,4.553353395797147,5.385956263790455,4.553353395797148,0.9135655815525128,0.6453128286886374,0.0,1.2906256573772747,0,10.77191252758091,12.062538184958184
24,|,1.9366466042028563,4.19363991809386,"{1: [0, 4.193639918093864, 0]}",4.5533533957971475,{None: [0]},4.193639918093864,4.193639918093864,4.193639918093864,4.193639918093864,0.9574100644425363,2.2963600819061396,0.0,16.074520573342976,0.0,0.0,16.074520573342976,|,0.14404373620954658,4.193639918093863,"{2: [0, 4.193639918093864, 0]}",5.385956263790455,{0: [0]},4.193639918093864,4.193639918093864,4.193639918093864,4.193639918093864,0.9064104405139964,1.336360081906137,0.0,5.345440327624548,0,16.774559672375457,22.120000000000005,|,0.6453128286886374,8.746993313891013,"{None: [0, 4.553353395797147, 4.193639918093866, 0, 0]}",5.491333775514212,{1: [0]},4.193639918093864,4.193639918093866,4.193639918093864,4.193639918093864,0.9164362257312436,1.9430066861089852,0.0,3.8860133722179704,0,8.387279836187728,12.273293208405699
25,|,2.2963600819061396,5.131267758343452,"{1: [0, 5.131267758343457, 0]}",4.193639918093864,{None: [0]},5.131267758343456,5.131267758343457,5.131267758343456,5.131267758343456,0.9590732232955805,1.358732241656548,0.0,9.511125691595836,0.0,0.0,9.511125691595836,|,1.336360081906137,5.131267758343456,"{2: [0, 5.131267758343457, 0]}",4.193639918093864,{0: [0]},5.131267758343457,5.131267758343457,5.131267758343457,5.131267758343457,0.9100651608692703,0.3987322416565444,0.0,1.5949289666261777,0,20.525071033373827,22.120000000000005,|,1.9430066861089852,9.324907676437324,"{None: [0, 4.193639918093866, 5.1312677583434585, 0, 0]}",4.553353395797147,{1: [0]},5.131267758343457,5.1312677583434585,5.131267758343457,5.131267758343457,0.919699434025639,1.365092323562675,0.0,2.73018464712535,0,10.262535516686913,12.992720163812264
26,|,1.358732241656548,3.787439761616289,"{1: [0, 3.7874397616162945, 0]}",5.131267758343457,{None: [0]},3.7874397616162945,3.7874397616162945,3.7874397616162945,3.7874397616162945,0.9602198299065613,2.70256023838371,0.0,18.91792166868597,0.0,0.0,18.91792166868597,|,0.3987322416565444,3.7874397616162927,"{2: [0, 3.7874397616162945, 0]}",5.131267758343457,{0: [0]},3.7874397616162945,3.7874397616162945,3.7874397616162945,3.7874397616162945,0.9125847797938083,1.7425602383837067,0.0,6.970240953534827,0,15.149759046465178,22.120000000000005,|,1.365092323562675,8.918707519959753,"{None: [0, 5.1312677583434585, 3.7874397616162963, 0, 0]}",4.193639918093866,{1: [0]},3.7874397616162945,3.7874397616162963,3.7874397616162945,3.7874397616162945,0.9219491386744237,1.7712924800402465,0.0,3.542584960080493,0,7.574879523232589,11.117464483313082
27,|,2.70256023838371,5.159990853491106,"{1: [0, 5.15999085349111, 0]}",3.7874397616162945,{None: [0]},5.159990853491109,5.15999085349111,5.159990853491109,5.159990853491109,0.9616823731013656,1.3300091465088952,0.0,9.310064025562266,0.0,0.0,9.310064025562266,|,1.7425602383837067,5.159990853491109,"{2: [0, 5.159990853491111, 0]}",3.7874397616162945,{0: [0]},5.15999085349111,5.159990853491111,5.15999085349111,5.15999085349111,0.9157986558314066,0.37000914650889083,0.0,1.4800365860355633,0,20.63996341396444,22.120000000000005,|,1.7712924800402465,8.947430615107406,"{None: [0, 3.7874397616162963, 5.159990853491111, 0, 0]}",5.1312677583434585,{1: [0]},5.159990853491111,5.159990853491111,5.159990853491111,5.159990853491111,0.924818728115902,1.7425693848925938,0.0,3.4851387697851877,0,10.319981706982222,13.80512047676741
28,|,1.3300091465088952,4.2447769643649975,"{1: [0, 4.244776964365002, 0]}",5.15999085349111,{None: [0]},4.244776964365003,4.244776964365002,4.244776964365003,4.244776964365003,0.9628072532751203,2.2452230356350027,0.0,15.716561249445018,0.0,0.0,15.716561249445018,|,0.37000914650889083,4.244776964365,"{2: [0, 4.244776964365002, 0]}",5.159990853491111,{0: [0]},4.244776964365002,4.244776964365002,4.244776964365002,4.244776964365002,0.9182705318405684,1.285223035635,0.0,5.14089214254,0,16.979107857460008,22.120000000000008,|,1.7425693848925938,9.404767817856111,"{None: [0, 5.159990853491111, 4.244776964365002, 0, 0]}",3.7874397616162963,{1: [0]},4.244776964365002,4.244776964365002,4.244776964365002,4.244776964365002,0.9270258043109859,1.2852321821438881,0.0,2.5704643642877762,0,8.489553928730004,11.06001829301778
29,|,2.2452230356350027,5.349895992422049,"{1: [0, 5.349895992422054, 0]}",4.244776964365002,{None: [0]},5.349895992422054,5.349895992422054,5.349895992422054,5.349895992422054,0.9641342741234155,1.1401040075779507,0.0,7.980728053045655,0.0,0.0,7.980728053045655,|,1.285223035635,5.349895992422052,"{2: [0, 5.349895992422054, 0]}",4.244776964365002,{0: [0]},5.349895992422054,5.349895992422054,5.349895992422054,5.349895992422054,0.9211866033254177,0.1801040075779481,0.0,0.7204160303117924,0,21.399583969688216,22.120000000000008,|,1.2852321821438881,9.594672956787054,"{None: [0, 4.244776964365002, 5.349895992422054, 0, 0]}",5.159990853491111,{1: [0]},5.349895992422054,5.349895992422054,5.349895992422054,5.349895992422054,0.9296294915240659,1.0953270432129454,0.0,2.1906540864258908,0,10.699791984844108,12.890446071269999
30,|,1.1401040075779507,5.9775417643220425,"{1: [0, 5.530000000000002, 0]}",5.349895992422054,{None: [0]},5.977541764322047,5.977541764322048,5.977541764322047,5.977541764322047,0.9655092631922876,0.5124582356779577,0.0,3.5872076497457037,0.0,0.0,3.5872076497457037,|,0.1801040075779481,5.977541764322046,"{2: [0, 5.340104007577947, 0]}",5.349895992422054,{0: [0]},5.977541764322048,5.977541764322048,5.530000000000002,5.530000000000002,0.9213377612414503,-0.44754176432204584,0.44754176432204584,0,0.0,22.120000000000008,22.120000000000008,|,1.0953270432129454,11.3274377567441,"{None: [0, 5.349895992422054, 5.977541764322048, 0, 0]}",4.244776964365002,{1: [0]},5.977541764322048,5.977541764322048,5.340104007577947,5.340104007577947,0.9282390700377856,-0.6374377567441005,0.6374377567441005,0,0.0,10.680208015155895,10.680208015155895
31,|,0.5124582356779577,5.308956514486076,"{1: [0, 5.3089565144860815, 0]}",5.530000000000002,{None: [0]},4.861414750164036,4.861414750164036,4.861414750164036,4.861414750164036,0.9665521283641864,1.181043485513924,0.0,8.267304398597467,0.0,0.0,8.267304398597467,|,-0.44754176432204584,5.498852506908134,"{2: [0, 5.349895992422054, 0]}",5.340104007577947,{0: [0]},4.861414750164036,4.861414750164036,5.3089565144860815,4.861414750164036,0.9237162001133773,0.03114749309186582,0.0,0.12458997236746328,0,21.235826057944326,21.36041603031179,|,-0.6374377567441005,10.83895651448608,"{None: [0, 5.977541764322048, 4.861414750164036, 0, 0]}",5.349895992422054,{1: [0]},4.861414750164036,4.861414750164036,5.349895992422054,4.712458235677953,0.9294823891485808,-0.14895651448608227,0.14895651448608227,0,0.0,10.699791984844108,10.699791984844108
32,|,1.181043485513924,5.103856305141496,"{1: [0, 5.103856305141501, 0]}",5.3089565144860815,{None: [0]},5.103856305141501,5.103856305141501,5.103856305141501,5.103856305141501,0.9675812293586248,1.3861436948585046,0.0,9.703005864009533,0.0,0.0,9.703005864009533,|,0.03114749309186582,5.2528128196275805,"{2: [0, 5.252812819627583, 0]}",5.349895992422054,{0: [0]},5.103856305141501,5.103856305141501,5.103856305141501,5.103856305141501,0.9260632473389115,0.27718718037241885,0.0,1.1087487214896754,0,20.415425220566004,21.52417394205568,|,-0.14895651448608227,9.965271055305536,"{None: [0, 4.861414750164036, 5.103856305141503, 0, 0]}",5.977541764322048,{1: [0]},5.103856305141501,5.103856305141503,5.252812819627583,5.103856305141501,0.931652026255622,0.7247289446944647,0.0,1.4494578893889294,0,10.505625639255166,11.955083528644096
33,|,1.3861436948585046,5.300591036062721,"{1: [0, 5.300591036062727, 0]}",5.103856305141501,{None: [0]},5.300591036062727,5.300591036062727,5.300591036062727,5.300591036062727,0.9685850401901415,1.1894089639372787,0.0,8.32586274756095,0.0,0.0,8.32586274756095,|,0.27718718037241885,5.300591036062726,"{2: [0, 5.300591036062728, 0]}",5.252812819627583,{0: [0]},5.300591036062727,5.300591036062728,5.300591036062727,5.300591036062727,0.9283526158652323,0.22940896393727517,0.0,0.9176358557491007,0,21.202364144250907,22.120000000000008,|,0.7247289446944647,10.404447341204227,"{None: [0, 5.103856305141503, 5.300591036062726, 0, 0]}",4.861414750164036,{1: [0]},5.300591036062728,5.300591036062726,5.300591036062728,5.300591036062728,0.9337683445181434,0.28555265879577263,0.0,0.5711053175915453,0,10.601182072125455,11.172287389717
34,|,1.1894089639372787,5.968205295606982,"{1: [0, 5.530000000000003, 0]}",5.300591036062727,{None: [0]},5.968205295606986,5.968205295606987,5.968205295606986,5.968205295606986,0.969643387236971,0.5217947043930193,0.0,3.6525629307511354,0.0,0.0,3.6525629307511354,|,0.22940896393727517,5.968205295606984,"{2: [0, 5.389408963937275, 0]}",5.300591036062728,{0: [0]},5.968205295606987,5.968205295606986,5.530000000000003,5.530000000000003,0.9282927867392492,-0.4382052956069842,0.4382052956069842,0,0.0,22.12000000000001,22.12000000000001,|,0.28555265879577263,11.268796331669712,"{None: [0, 5.300591036062726, 5.968205295606986, 0, 0]}",5.103856305141503,{1: [0]},5.968205295606986,5.968205295606986,5.389408963937275,5.389408963937275,0.932732456483508,-0.5787963316697109,0.5787963316697109,0,0.0,10.77881792787455,10.77881792787455
35,|,0.5217947043930193,6.307829137657096,"{1: [0, 5.389408963937275, 0]}",5.530000000000003,{None: [0]},5.869623842050118,5.8696238420501174,5.869623842050118,5.869623842050118,0.9706169305366853,0.18217086234290392,0.0,1.2751960364003274,0.0,0.0,1.2751960364003274,|,-0.4382052956069842,6.4484201737198275,"{2: [0, 5.300591036062726, 0]}",5.389408963937275,{0: [0]},5.8696238420501174,5.8696238420501174,5.389408963937275,4.951203668330291,0.9255744246646429,-0.9184201737198263,0.9184201737198263,0,0.0,21.5576358557491,21.5576358557491,|,-0.5787963316697109,11.837829137657103,"{None: [0, 5.968205295606986, 5.869623842050116, 0, 0]}",5.300591036062726,{1: [0]},5.8696238420501174,5.869623842050116,5.300591036062726,4.721794704393015,0.9286182774732862,-1.1478291376571024,1.1478291376571024,0,0.0,10.601182072125452,10.601182072125452
36,|,0.18217086234290392,6.486203262462321,"{1: [0, 5.300591036062726, 0]}",5.389408963937275,{None: [0]},5.567783088742501,5.567783088742501,5.567783088742501,5.567783088742501,0.9714844044918871,0.0037967375376783963,0.0,0.026577162763748774,0.0,0.0,0.026577162763748774,|,-0.9184201737198263,6.7156122263996005,"{2: [0, 5.968205295606986, 0]}",5.300591036062726,{0: [0]},5.567783088742501,5.5677830887425,5.300591036062726,4.3821708623429,0.9214850295936842,-1.1856122263996012,1.1856122263996012,0,0.0,21.202364144250904,21.202364144250904,|,-1.1478291376571024,11.437406930792616,"{None: [0, 5.869623842050116, 5.567783088742498, 0, 0]}",5.968205295606986,{1: [0]},5.5677830887425,5.567783088742498,5.968205295606986,4.820376157949884,0.9267625827580859,-0.7474069307926161,0.7474069307926161,0,0.0,11.936410591213972,11.936410591213972
37,|,0.0037967375376783963,6.650894569905646,"{1: [0, 5.968205295606986, 0]}",5.300591036062726,{None: [0]},5.465282343506051,5.465282343506052,5.304387773600404,5.304387773600404,0.9714583874729633,-0.160894569905647,0.160894569905647,0,5.972406434897616,0.0,5.972406434897616,|,-1.1856122263996012,6.2126892742986675,"{2: [0, 5.869623842050116, 0]}",5.968205295606986,{0: [0]},5.465282343506052,5.465282343506053,5.968205295606986,4.782593069207385,0.9201782869313486,-0.6826892742986672,0.6826892742986672,0,0.0,23.872821182427945,23.872821182427945,|,-0.7474069307926161,11.033065432248554,"{None: [0, 5.567783088742498, 5.465282343506053, 0, 0]}",5.869623842050116,{1: [0]},5.465282343506053,5.465282343506053,5.869623842050116,5.1222169112575,0.9270573295528708,-0.34306543224855357,0.34306543224855357,0,0.0,11.739247684100231,11.739247684100231
38,|,-0.160894569905647,4.517316191120162,"{1: [0, 4.517316191120169, 0]}",5.968205295606986,{None: [0]},3.8346269168215006,3.8346269168215015,3.9955214867271476,3.8346269168215006,0.9720114494653026,1.9726838088798386,0.0,13.80878666215887,0.0,0.0,13.80878666215887,|,-0.6826892742986672,4.177692349070053,"{2: [0, 4.177692349070055, 0]}",5.869623842050116,{0: [0]},3.8346269168215015,3.8346269168215015,4.517316191120169,3.8346269168215015,0.9217250234943184,1.352307650929947,0.0,5.409230603719788,0,18.069264764480675,23.478495368200463,|,-0.34306543224855357,9.299909260327556,"{None: [0, 5.465282343506053, 3.8346269168214997, 0, 0]}",5.567783088742498,{1: [0]},3.8346269168215015,3.8346269168214997,4.177692349070055,3.8346269168215015,0.9284707682156591,1.3900907396724431,0.0,2.7801814793448862,0,8.35538469814011,11.135566177484996
39,|,1.9726838088798386,2.964005208927923,"{1: [0, 2.9640052089279303, 0]}",4.517316191120169,{None: [0]},2.9640052089279303,2.9640052089279303,2.9640052089279303,2.9640052089279303,0.9724244731647883,3.525994791072077,0.0,24.68196353750454,0.0,0.0,24.68196353750454,|,1.352307650929947,2.9640052089279285,"{2: [0, 2.9640052089279303, 0]}",4.177692349070055,{0: [0]},2.9640052089279303,2.9640052089279303,2.9640052089279303,2.9640052089279303,0.9228801179795955,2.5659947910720717,0.0,10.263979164288287,0,11.856020835711721,22.120000000000008,|,1.3900907396724431,6.798632125749433,"{None: [0, 3.8346269168214997, 2.9640052089279303, 0, 0]}",5.465282343506053,{1: [0]},2.9640052089279303,2.9640052089279303,2.9640052089279303,2.9640052089279303,0.9295263165512653,3.891367874250566,0.0,7.782735748501132,0,5.928010417855861,13.710746166356993
40,|,3.525994791072077,3.8445867051753106,"{1: [0, 3.8445867051753178, 0]}",2.9640052089279303,{None: [0]},3.8445867051753178,3.8445867051753178,3.8445867051753178,3.8445867051753178,0.9729423837586786,2.6454132948246896,0.0,18.517893063772828,0.0,0.0,18.517893063772828,|,2.5659947910720717,3.844586705175316,"{2: [0, 3.8445867051753178, 0]}",2.9640052089279303,{0: [0]},3.8445867051753178,3.8445867051753178,3.8445867051753178,3.8445867051753178,0.92432854738356,1.6854132948246843,0.0,6.741653179298737,0,15.378346820701271,22.120000000000008,|,3.891367874250566,6.8085919141032525,"{None: [0, 2.9640052089279303, 3.8445867051753195, 0, 0]}",3.8346269168214997,{1: [0]},3.8445867051753178,3.8445867051753195,3.8445867051753178,3.8445867051753178,0.9308499201751119,3.881408085896748,0.0,7.762816171793496,0,7.6891734103506355,15.451989582144131
41,|,2.6454132948246896,8.345157394902937,"{1: [0, 5.530000000000002, 0]}",3.8445867051753178,{None: [0]},8.345157394902943,8.345157394902943,6.490000000000007,6.490000000000007,0.9652944544789256,-1.8551573949029354,1.8551573949029354,0,68.86344249879696,0.0,68.86344249879696,|,1.6854132948246843,8.345157394902941,"{2: [0, 6.845413294824678, 0]}",3.8445867051753178,{0: [0]},8.345157394902943,8.345157394902943,5.530000000000002,5.530000000000002,0.9140787807312016,-2.8151573949029407,2.8151573949029407,0,0.0,22.120000000000008,22.120000000000008,|,3.881408085896748,12.189744100078265,"{None: [0, 3.8445867051753195, 8.345157394902941, 0, 0]}",2.9640052089279303,{1: [0]},8.345157394902943,8.345157394902941,6.845413294824678,6.845413294824678,0.9265190351426872,-1.4997441000782645,1.4997441000782645,0,0.0,13.690826589649356,13.690826589649356
42,|,-1.8551573949029354,7.941884606148483,"{1: [0, 6.845413294824678, 0]}",5.530000000000002,{None: [0]},5.12672721124555,5.126727211245548,5.530000000000002,3.6748426050970666,0.9594552216681184,-1.4518846061484831,1.4518846061484831,0,53.89395658023169,0.0,53.89395658023169,|,-2.8151573949029407,6.626471311323811,"{2: [0, 3.8445867051753195, 0]}",6.845413294824678,{0: [0]},5.126727211245548,5.126727211245548,6.845413294824678,4.0302558999217375,0.9110720896176044,-1.0964713113238105,1.0964713113238105,0,0.0,27.381653179298713,27.381653179298713,|,-1.4997441000782645,13.471884606148489,"{None: [0, 8.345157394902941, 5.126727211245546, 0, 0]}",3.8445867051753195,{1: [0]},5.126727211245548,5.126727211245546,3.8445867051753195,2.344842605097055,0.915494867758858,-2.781884606148493,2.781884606148493,0,0.0,7.689173410350639,7.689173410350639
43,|,-1.4518846061484831,5.402292414882582,"{1: [0, 3.8445867051753195, 0]}",6.845413294824678,{None: [0]},4.305821103558777,4.305821103558777,5.75770570970726,4.305821103558777,0.9602399216477592,1.0877075851174185,0.0,7.6139530958219295,0.0,0.0,7.6139530958219295,|,-1.0964713113238105,7.087705709707268,"{2: [0, 7.0877057097072695, 0]}",3.8445867051753195,{0: [0]},4.305821103558777,4.305821103558777,3.8445867051753195,2.748115393851509,0.9057915787473153,-1.5577057097072675,1.5577057097072675,0,0.0,15.378346820701278,15.378346820701278,|,-2.781884606148493,9.432548314804329,"{None: [0, 5.126727211245546, 4.30582110355878, 0, 0]}",8.345157394902941,{1: [0]},4.305821103558777,4.30582110355878,7.0877057097072695,4.305821103558777,0.917130372459522,1.2574516851956714,0.0,2.514903370391343,0,14.175411419414539,16.690314789805882
44,|,1.0877075851174185,7.115380140603853,"{1: [0, 7.0877057097072695, 0]}",3.8445867051753195,{None: [0]},5.557674430896591,5.557674430896591,4.932294290292738,4.932294290292738,0.9584664869001718,-0.6253801406038528,0.6253801406038528,0,23.214110819215016,0.0,23.214110819215016,|,-1.5577057097072675,5.557674430896589,"{2: [0, 5.557674430896591, 0]}",7.0877057097072695,{0: [0]},5.557674430896591,5.557674430896591,7.0877057097072695,5.530000000000002,0.9079662607671309,-0.02767443089658883,0.02767443089658883,0,0.0,28.350822838829078,28.350822838829078,|,1.2574516851956714,9.863495534455373,"{None: [0, 4.30582110355878, 5.557674430896589, 0, 0]}",5.126727211245546,{1: [0]},5.557674430896591,5.557674430896589,5.557674430896591,5.557674430896591,0.9191500661106957,0.8265044655446268,0.0,1.6530089310892535,0,11.115348861793182,12.768357792882435
45,|,-0.6253801406038528,5.126821030874104,"{1: [0, 5.126821030874109, 0]}",7.0877057097072695,{None: [0]},5.09914659997752,5.09914659997752,5.724526740581373,5.09914659997752,0.9593749113836129,1.3631789691258964,0.0,9.542252783881274,0.0,0.0,9.542252783881274,|,-0.02767443089658883,5.0991465999775185,"{2: [0, 5.09914659997752, 0]}",5.557674430896591,{0: [0]},5.09914659997752,5.09914659997752,5.126821030874109,5.09914659997752,0.9099792304338387,0.43085340002248174,0.0,1.723413600089927,0,20.507284123496436,22.230697723586363,|,0.8265044655446268,10.656821030874113,"{None: [0, 5.557674430896589, 5.09914659997752, 0, 0]}",4.30582110355878,{1: [0]},5.09914659997752,5.09914659997752,5.09914659997752,5.09914659997752,0.9209184226485378,0.03317896912588658,0.0,0.06635793825177316,0,10.19829319995504,10.264651138206814
46,|,1.3631789691258964,5.6379261742387525,"{1: [0, 5.530000000000002, 0]}",5.126821030874109,{None: [0]},5.637926174238758,5.637926174238758,5.637926174238758,5.637926174238758,0.9603341546607161,0.8520738257612477,0.0,5.964516780328734,0.0,0.0,5.964516780328734,|,0.43085340002248174,5.637926174238756,"{2: [0, 5.590853400022476, 0]}",5.09914659997752,{0: [0]},5.637926174238758,5.637926174238758,5.530000000000002,5.530000000000002,0.9116528054651002,-0.10792617423875583,0.10792617423875583,0,0.0,22.120000000000008,22.120000000000008,|,0.03317896912588658,10.73707277421628,"{None: [0, 5.09914659997752, 5.637926174238758, 0, 0]}",5.557674430896589,{1: [0]},5.637926174238758,5.637926174238758,5.590853400022476,5.590853400022476,0.9225885594409365,-0.0470727742162822,0.0470727742162822,0,0.0,11.181706800044951,11.181706800044951
47,|,0.8520738257612477,5.811036855266933,"{1: [0, 5.590853400022476, 0]}",5.530000000000002,{None: [0]},5.703110681028184,5.703110681028184,5.703110681028184,5.703110681028184,0.961259475523547,0.678963144733066,0.0,4.752742013131462,0.0,0.0,4.752742013131462,|,-0.10792617423875583,5.750183455244463,"{2: [0, 5.09914659997752, 0]}",5.590853400022476,{0: [0]},5.703110681028184,5.703110681028184,5.590853400022476,5.48292722578372,0.9128131255782685,-0.22018345524446392,0.22018345524446392,0,0.0,22.363413600089903,22.363413600089903,|,-0.0470727742162822,11.341036855266946,"{None: [0, 5.637926174238758, 5.7031106810281855, 0, 0]}",5.09914659997752,{1: [0]},5.703110681028184,5.7031106810281855,5.09914659997752,5.052073825761238,0.9217314165063051,-0.6510368552669457,0.6510368552669457,0,0.0,10.19829319995504,10.19829319995504
48,|,0.678963144733066,4.304090301461662,"{1: [0, 4.304090301461669, 0]}",5.590853400022476,{None: [0]},4.083906846217205,4.0839068462172055,4.083906846217205,4.083906846217205,0.9618959929756927,2.185909698538337,0.0,15.30136788976836,0.0,0.0,15.30136788976836,|,-0.22018345524446392,4.734943701484149,"{2: [0, 4.734943701484152, 0]}",5.09914659997752,{0: [0]},4.0839068462172055,4.083906846217206,4.304090301461669,4.0839068462172055,0.9142456298594432,0.7950562985158509,0.0,3.1802251940634036,0,17.216361205846678,20.39658639991008,|,-0.6510368552669457,9.787017527245393,"{None: [0, 5.7031106810281855, 4.083906846217205, 0, 0]}",5.637926174238758,{1: [0]},4.083906846217206,4.083906846217205,4.734943701484152,4.083906846217206,0.9230173908192947,0.9029824727546059,0.0,1.8059649455092117,0,9.469887402968304,11.275852348477516
49,|,2.185909698538337,4.213985771956762,"{1: [0, 4.213985771956768, 0]}",4.304090301461669,{None: [0]},4.213985771956767,4.213985771956768,4.213985771956767,4.213985771956767,0.9625312238028016,2.2760142280432394,0.0,15.932099596302676,0.0,0.0,15.932099596302676,|,0.7950562985158509,4.213985771956764,"{2: [0, 4.213985771956768, 0]}",4.734943701484152,{0: [0]},4.213985771956768,4.213985771956768,4.213985771956768,4.213985771956768,0.9156752385469978,1.316014228043235,0.0,5.26405691217294,0,16.85594308782707,22.12000000000001,|,0.9029824727546059,8.297892618173977,"{None: [0, 4.083906846217205, 4.21398577195677, 0, 0]}",5.7031106810281855,{1: [0]},4.213985771956768,4.21398577195677,4.213985771956768,4.213985771956768,0.924300765727127,2.3921073818260234,0.0,4.784214763652047,0,8.427971543913536,13.212186307565583
50,|,2.2760142280432394,6.119181796437903,"{1: [0, 5.530000000000003, 0]}",4.213985771956768,{None: [0]},6.119181796437911,6.1191817964379105,6.119181796437911,6.119181796437911,0.963416833775972,0.37081820356209594,0.0,2.5957274249346716,0.0,0.0,2.5957274249346716,|,1.316014228043235,6.119181796437907,"{2: [0, 6.119181796437911, 0]}",4.213985771956768,{0: [0]},6.1191817964379105,6.119181796437911,5.530000000000003,5.530000000000003,0.9153925609873719,-0.5891817964379076,0.5891817964379076,0,0.0,22.12000000000001,22.12000000000001,|,2.3921073818260234,10.333167568394682,"{None: [0, 4.21398577195677, 6.11918179643791, 0, 0]}",4.083906846217205,{1: [0]},6.119181796437911,6.11918179643791,6.119181796437911,6.119181796437911,0.9260899887452627,0.35683243160531664,0.0,0.7136648632106333,0,12.238363592875823,12.952028456086456
51,|,0.37081820356209594,4.605785687318331,"{1: [0, 4.605785687318338, 0]}",5.530000000000003,{None: [0]},4.01660389088043,4.016603890880431,4.01660389088043,4.01660389088043,0.9639757333612308,1.884214312681669,0.0,13.189500188771683,0.0,0.0,13.189500188771683,|,-0.5891817964379076,4.016603890880428,"{2: [0, 4.016603890880432, 0]}",6.119181796437911,{0: [0]},4.016603890880431,4.016603890880432,4.605785687318338,4.016603890880431,0.9166851517457659,1.5133961091195731,0.0,6.0535844364782925,0,18.423142749273353,24.476727185751646,|,0.35683243160531664,10.135785687318345,"{None: [0, 6.11918179643791, 4.016603890880433, 0, 0]}",4.21398577195677,{1: [0]},4.016603890880432,4.016603890880433,4.016603890880432,4.016603890880432,0.9272191494741014,0.5542143126816548,0.0,1.1084286253633095,0,8.033207781760863,9.141636407124173
52,|,1.884214312681669,5.244520020995665,"{1: [0, 5.2445200209956715, 0]}",4.605785687318338,{None: [0]},5.2445200209956715,5.2445200209956715,5.2445200209956715,5.2445200209956715,0.9646802907278762,1.2454799790043358,0.0,8.71835985303035,0.0,0.0,8.71835985303035,|,1.5133961091195731,5.244520020995666,"{2: [0, 5.244520020995671, 0]}",4.016603890880432,{0: [0]},5.2445200209956715,5.244520020995671,5.2445200209956715,5.2445200209956715,0.918314611428515,0.2854799790043332,0.0,1.1419199160173328,0,20.978080083982686,22.12000000000002,|,0.5542143126816548,9.261123911876105,"{None: [0, 4.016603890880433, 5.244520020995671, 0, 0]}",6.11918179643791,{1: [0]},5.244520020995671,5.244520020995671,5.244520020995671,5.244520020995671,0.9286425867616093,1.4288760881238938,0.0,2.8577521762477875,0,10.489040041991341,13.346792218239129
53,|,1.2454799790043358,4.418590261551235,"{1: [0, 4.41859026155124, 0]}",5.2445200209956715,{None: [0]},4.418590261551241,4.41859026155124,4.418590261551241,4.418590261551241,0.9652528473178242,2.071409738448766,0.0,14.499868169141363,0.0,0.0,14.499868169141363,|,0.2854799790043332,4.418590261551236,"{2: [0, 4.418590261551241, 0]}",5.244520020995671,{0: [0]},4.41859026155124,4.418590261551241,4.41859026155124,4.41859026155124,0.9196387873204716,1.1114097384487636,0.0,4.445638953795054,0,17.67436104620496,22.120000000000015,|,1.4288760881238938,9.663110282546914,"{None: [0, 5.244520020995671, 4.418590261551243, 0, 0]}",4.016603890880433,{1: [0]},4.418590261551241,4.418590261551243,4.418590261551241,4.418590261551241,0.9297993391254665,1.026889717453086,0.0,2.053779434906172,0,8.837180523102482,10.890959958008654
54,|,2.071409738448766,5.429563902276155,"{1: [0, 5.429563902276161, 0]}",4.41859026155124,{None: [0]},5.429563902276162,5.429563902276161,5.429563902276162,5.429563902276162,0.9659314815501665,1.0604360977238443,0.0,7.42305268406691,0.0,0.0,7.42305268406691,|,1.1114097384487636,5.429563902276158,"{2: [0, 5.429563902276162, 0]}",4.418590261551241,{0: [0]},5.429563902276161,5.429563902276162,5.429563902276161,5.429563902276161,0.9212082934718299,0.10043609772384343,0.0,0.4017443908953737,0,21.718255609104645,22.12000000000002,|,1.026889717453086,9.848154163827404,"{None: [0, 4.418590261551243, 5.429563902276162, 0, 0]}",5.244520020995671,{1: [0]},5.429563902276162,5.429563902276162,5.429563902276162,5.429563902276162,0.9311704031674115,0.8418458361725945,0.0,1.683691672345189,0,10.859127804552324,12.542819476897513
55,|,1.0604360977238443,5.798401988350832,"{1: [0, 5.530000000000006, 0]}",5.429563902276161,{None: [0]},5.798401988350838,5.798401988350839,5.798401988350838,5.798401988350838,0.9666275438046227,0.6915980116491678,0.0,4.8411860815441745,0.0,0.0,4.8411860815441745,|,0.10043609772384343,5.798401988350833,"{2: [0, 5.260436097723837, 0]}",5.429563902276162,{0: [0]},5.798401988350839,5.798401988350838,5.530000000000006,5.530000000000006,0.921872365089161,-0.26840198835083307,0.26840198835083307,0,0.0,22.120000000000022,22.120000000000022,|,0.8418458361725945,11.227965890627,"{None: [0, 5.429563902276162, 5.7984019883508395, 0, 0]}",4.418590261551243,{1: [0]},5.798401988350838,5.7984019883508395,5.260436097723837,5.260436097723837,0.9306811013002113,-0.5379658906270004,0.5379658906270004,0,0.0,10.520872195447675,10.520872195447675
56,|,0.6915980116491678,4.658331939683058,"{1: [0, 4.658331939683065, 0]}",5.530000000000006,{None: [0]},4.389929951332232,4.389929951332232,4.389929951332232,4.389929951332232,0.9671358973818304,1.8316680603169413,0.0,12.821676422218589,0.0,0.0,12.821676422218589,|,-0.26840198835083307,4.927895841959228,"{2: [0, 4.9278958419592325, 0]}",5.260436097723837,{0: [0]},4.389929951332232,4.389929951332232,4.658331939683065,4.389929951332232,0.923062462169615,0.6021041580407722,0.0,2.408416632163089,0,18.63332775873226,21.04174439089535,|,-0.5379658906270004,10.18833193968307,"{None: [0, 5.7984019883508395, 4.38992995133223, 0, 0]}",5.429563902276162,{1: [0]},4.389929951332232,4.38992995133223,4.9278958419592325,4.389929951332232,0.9317370172902071,0.5016680603169297,0.0,1.0033361206338594,0,9.855791683918465,10.859127804552324
57,|,1.8316680603169413,6.185404207127756,"{1: [0, 5.530000000000005, 0]}",4.658331939683065,{None: [0]},6.185404207127762,6.185404207127763,6.185404207127762,6.185404207127762,0.9678264350786149,0.30459579287224425,0.0,2.1321705501057098,0.0,0.0,2.1321705501057098,|,0.6021041580407722,6.185404207127759,"{2: [0, 6.185404207127763, 0]}",4.9278958419592325,{0: [0]},6.185404207127763,6.185404207127763,5.530000000000005,5.530000000000005,0.9224526488448174,-0.6554042071277584,0.6554042071277584,0,0.0,22.12000000000002,22.12000000000002,|,0.5016680603169297,10.575334158459992,"{None: [0, 4.38992995133223, 6.185404207127761, 0, 0]}",5.7984019883508395,{1: [0]},6.185404207127763,6.185404207127761,6.185404207127763,6.185404207127763,0.9331713532099714,0.11466584154000614,0.0,0.22933168308001228,0,12.370808414255526,12.600140097335538
58,|,0.30459579287224425,4.944570201665963,"{1: [0, 4.94457020166597, 0]}",5.530000000000005,{None: [0]},4.2891659945382115,4.2891659945382115,4.2891659945382115,4.2891659945382115,0.9682884833983869,1.5454297983340375,0.0,10.818008588338262,0.0,0.0,10.818008588338262,|,-0.6554042071277584,4.289165994538206,"{2: [0, 4.2891659945382115, 0]}",6.185404207127763,{0: [0]},4.2891659945382115,4.2891659945382115,4.94457020166597,4.2891659945382115,0.9235663154027999,1.2408340054617932,0.0,4.963336021847173,0,19.77828080666388,24.741616828511052,|,0.11466584154000614,10.474570201665973,"{None: [0, 6.185404207127761, 4.289165994538213, 0, 0]}",4.38992995133223,{1: [0]},4.2891659945382115,4.289165994538213,4.2891659945382115,4.2891659945382115,0.9341310872039326,0.21542979833402498,0.0,0.43085959666804996,0,8.578331989076423,9.009191585744473
59,|,1.5454297983340375,4.21887106947773,"{1: [0, 4.218871069477737, 0]}",4.94457020166597,{None: [0]},4.218871069477737,4.218871069477737,4.218871069477737,4.218871069477737,0.968730192970749,2.27112893052227,0.0,15.89790251365589,0.0,0.0,15.89790251365589,|,1.2408340054617932,4.218871069477733,"{2: [0, 4.218871069477738, 0]}",4.2891659945382115,{0: [0]},4.218871069477737,4.218871069477738,4.218871069477737,4.218871069477737,0.9246309598523743,1.3111289305222673,0.0,5.244515722089069,0,16.87548427791095,22.12000000000002,|,0.21542979833402498,8.508037064015952,"{None: [0, 4.289165994538213, 4.21887106947774, 0, 0]}",6.185404207127761,{1: [0]},4.218871069477738,4.21887106947774,4.218871069477738,4.218871069477738,0.9350485749945239,2.181962935984048,0.0,4.363925871968096,0,8.437742138955477,12.801668010923573
60,|,2.27112893052227,4.769627021981432,"{1: [0, 4.769627021981439, 0]}",4.218871069477737,{None: [0]},4.769627021981439,4.769627021981439,4.769627021981439,4.769627021981439,0.96921497605778,1.7203729780185686,0.0,12.04261084612998,0.0,0.0,12.04261084612998,|,1.3111289305222673,4.7696270219814325,"{2: [0, 4.769627021981439, 0]}",4.218871069477738,{0: [0]},4.769627021981439,4.769627021981439,4.769627021981439,4.769627021981439,0.9257994236012917,0.7603729780185668,0.0,3.0414919120742674,0,19.078508087925755,22.120000000000022,|,2.181962935984048,8.988498091459178,"{None: [0, 4.21887106947774, 4.769627021981439, 0, 0]}",4.289165994538213,{1: [0]},4.769627021981439,4.769627021981439,4.769627021981439,4.769627021981439,0.9360555320343213,1.7015019085408225,0.0,3.403003817081645,0,9.539254043962877,12.942257861044522
61,|,1.7203729780185686,5.120195082858011,"{1: [0, 5.120195082858019, 0]}",4.769627021981439,{None: [0]},5.120195082858019,5.120195082858019,5.120195082858019,5.120195082858019,0.9697189353852456,1.3698049171419884,0.0,9.58863441999392,0.0,0.0,9.58863441999392,|,0.7603729780185668,5.1201950828580145,"{2: [0, 5.12019508285802, 0]}",4.769627021981439,{0: [0]},5.120195082858019,5.12019508285802,5.120195082858019,5.120195082858019,0.9270141074894587,0.40980491714198664,0.0,1.6392196685679465,0,20.480780331432076,22.120000000000022,|,1.7015019085408225,9.889822104839457,"{None: [0, 4.769627021981439, 5.120195082858018, 0, 0]}",4.21887106947774,{1: [0]},5.12019508285802,5.120195082858018,5.12019508285802,5.12019508285802,0.9371023206004634,0.8001778951605427,0.0,1.6003557903210854,0,10.24039016571604,11.840745956037125
62,|,1.3698049171419884,4.211530164593813,"{1: [0, 4.211530164593821, 0]}",5.120195082858019,{None: [0]},4.21153016459382,4.211530164593821,4.21153016459382,4.21153016459382,0.9701212554976997,2.278469835406187,0.0,15.94928884784331,0.0,0.0,15.94928884784331,|,0.40980491714198664,4.211530164593816,"{2: [0, 4.21153016459382, 0]}",5.12019508285802,{0: [0]},4.211530164593821,4.21153016459382,4.211530164593821,4.211530164593821,0.9279838122490497,1.3184698354061855,0.0,5.273879341624742,0,16.846120658375284,22.120000000000026,|,0.8001778951605427,9.331725247451839,"{None: [0, 5.120195082858018, 4.21153016459382, 0, 0]}",4.769627021981439,{1: [0]},4.21153016459382,4.21153016459382,4.21153016459382,4.21153016459382,0.9379379913990653,1.3582747525481613,0.0,2.7165495050963226,0,8.42306032918764,11.139609834283963
63,|,2.278469835406187,2.039877380897292,"{1: [0, 2.0398773808973, 0]}",4.211530164593821,{None: [0]},2.0398773808972996,2.0398773808973,2.0398773808972996,2.0398773808972996,0.9703123029542856,4.450122619102709,0.0,31.150858333718965,0.0,0.0,31.150858333718965,|,1.3184698354061855,2.0398773808972948,"{2: [0, 2.039877380897299, 0]}",4.21153016459382,{0: [0]},2.0398773808973,2.039877380897299,2.0398773808973,2.0398773808973,0.9284442904161215,3.4901226191027055,0.0,13.960490476410822,0,8.1595095235892,22.120000000000022,|,1.3582747525481613,6.2514075454911175,"{None: [0, 4.21153016459382, 2.0398773808972965, 0, 0]}",5.120195082858018,{1: [0]},2.039877380897299,2.0398773808972965,2.039877380897299,2.039877380897299,0.9383348216237393,4.43859245450888,0.0,8.87718490901776,0,4.079754761794598,12.956939670812359
64,|,4.450122619102709,4.204418883978532,"{1: [0, 4.20441888397854, 0]}",2.0398773808973,{None: [0]},4.204418883978541,4.20441888397854,4.204418883978541,4.204418883978541,0.9706984664190588,2.2855811160214685,0.0,15.99906781215028,0.0,0.0,15.99906781215028,|,3.4901226191027055,4.204418883978535,"{2: [0, 4.20441888397854, 0]}",2.039877380897299,{0: [0]},4.20441888397854,4.20441888397854,4.20441888397854,4.20441888397854,0.9293750531052807,1.325581116021465,0.0,5.30232446408586,0,16.81767553591416,22.12000000000002,|,4.43859245450888,6.24429626487584,"{None: [0, 2.0398773808972965, 4.2044188839785415, 0, 0]}",4.21153016459382,{1: [0]},4.20441888397854,4.2044188839785415,4.20441888397854,4.20441888397854,0.9391369329798664,4.44570373512416,0.0,8.89140747024832,0,8.40883776795708,17.3002452382054
65,|,2.2855811160214685,5.284582249782287,"{1: [0, 5.284582249782294, 0]}",4.20441888397854,{None: [0]},5.284582249782294,5.284582249782294,5.284582249782294,5.284582249782294,0.9711698198928471,1.2054177502177144,0.0,8.437924251524,0.0,0.0,8.437924251524,|,1.325581116021465,5.28458224978229,"{2: [0, 5.284582249782294, 0]}",4.20441888397854,{0: [0]},5.284582249782294,5.284582249782294,5.284582249782294,5.284582249782294,0.9305111477046635,0.24541775021771084,0.0,0.9816710008708434,0,21.138328999129175,22.12000000000002,|,4.44570373512416,9.489001133760837,"{None: [0, 4.2044188839785415, 5.284582249782294, 0, 0]}",2.0398773808972965,{1: [0]},5.284582249782294,5.284582249782294,5.284582249782294,5.284582249782294,0.9401159949796797,1.2009988662391624,0.0,2.401997732478325,0,10.569164499564588,12.971162232042913
66,|,1.2054177502177144,5.522537281967598,"{1: [0, 5.5225372819676055, 0]}",5.284582249782294,{None: [0]},5.522537281967606,5.5225372819676055,5.522537281967606,5.522537281967606,0.9716464611457609,0.9674627180324018,0.0,6.772239026226813,0.0,0.0,6.772239026226813,|,0.24541775021771084,5.5225372819676,"{2: [0, 5.405417750217704, 0]}",5.284582249782294,{0: [0]},5.5225372819676055,5.522537281967605,5.5225372819676055,5.5225372819676055,0.9316599873407146,0.007462718032399174,0.0,0.029850872129596695,0,22.090149127870422,22.12000000000002,|,1.2009988662391624,10.807119531749901,"{None: [0, 5.284582249782294, 5.522537281967605, 0, 0]}",4.2044188839785415,{1: [0]},5.522537281967605,5.522537281967605,5.405417750217704,5.405417750217704,0.9407554217859578,-0.11711953174990075,0.11711953174990075,0,0.0,10.810835500435408,10.810835500435408
67,|,0.9674627180324018,5.083554443906457,"{1: [0, 5.083554443906464, 0]}",5.5225372819676055,{None: [0]},5.083554443906464,5.083554443906464,5.083554443906464,5.083554443906464,0.9720714923587552,1.4064455560935434,0.0,9.845118892654803,0.0,0.0,9.845118892654803,|,0.007462718032399174,5.200673975656362,"{2: [0, 5.200673975656366, 0]}",5.405417750217704,{0: [0]},5.083554443906464,5.083554443906465,5.083554443906464,5.083554443906464,0.9326844322477842,0.3293260243436391,0.0,1.3173040973745564,0,20.334217775625856,21.651521873000412,|,-0.11711953174990075,10.60609172587407,"{None: [0, 5.522537281967605, 5.083554443906463, 0, 0]}",5.284582249782294,{1: [0]},5.083554443906465,5.083554443906463,5.200673975656366,5.083554443906465,0.9416435223885352,0.08390827412592827,0.0,0.16781654825185655,0,10.401347951312731,10.569164499564588
68,|,1.4064455560935434,7.720795589557334,"{1: [0, 5.530000000000005, 0]}",5.083554443906464,{None: [0]},7.7207955895573415,7.7207955895573415,6.490000000000007,6.490000000000007,0.9691446045499145,-1.2307955895573341,1.2307955895573341,0,45.68713228436824,0.0,45.68713228436824,|,0.3293260243436391,7.720795589557336,"{2: [0, 5.606445556093533, 0]}",5.200673975656366,{0: [0]},7.7207955895573415,7.720795589557341,5.530000000000005,5.530000000000005,0.9278664756937441,-2.1907955895573368,2.1907955895573368,0,0.0,22.12000000000002,22.12000000000002,|,0.08390827412592827,12.804350033463809,"{None: [0, 5.083554443906463, 7.720795589557342, 0, 0]}",5.522537281967605,{1: [0]},7.720795589557341,7.720795589557342,5.606445556093533,5.606445556093533,0.9368465386957617,-2.1143500334638077,2.1143500334638077,0,0.0,11.212891112187066,11.212891112187066
69,|,-1.2307955895573341,7.801803472135971,"{1: [0, 5.606445556093533, 0]}",5.530000000000005,{None: [0]},5.611007882578641,5.611007882578641,5.530000000000005,4.2992044104426705,0.965913886831661,-1.3118034721359706,1.3118034721359706,0,48.69414488568722,0.0,48.69414488568722,|,-2.1907955895573368,7.725357916042444,"{2: [0, 5.083554443906463, 0]}",5.606445556093533,{0: [0]},5.611007882578641,5.611007882578642,5.606445556093533,3.415649966536196,0.9227860248316779,-2.195357916042445,2.195357916042445,0,0.0,22.42578222437413,22.42578222437413,|,-2.1143500334638077,13.331803472135986,"{None: [0, 7.720795589557342, 5.61100788257864, 0, 0]}",5.083554443906463,{1: [0]},5.611007882578642,5.61100788257864,5.083554443906463,2.9692044104426554,0.9303564420889724,-2.6418034721359867,2.6418034721359867,0,0.0,10.167108887812926,10.167108887812926
70,|,-1.3118034721359706,6.359413920636776,"{1: [0, 5.083554443906463, 0]}",5.606445556093533,{None: [0]},4.164056004594338,4.164056004594338,5.475859476730308,4.164056004594338,0.9663118958320402,0.13058607936322453,0.0,0.9141025555425717,0.0,0.0,0.9141025555425717,|,-2.195357916042445,6.805859476730321,"{2: [0, 6.805859476730325, 0]}",5.083554443906463,{0: [0]},4.164056004594338,4.164056004594339,5.083554443906463,2.888196527864018,0.9201099378263274,-1.2758594767303197,1.2758594767303197,0,0.0,20.334217775625852,20.334217775625852,|,-2.6418034721359867,9.775063887172982,"{None: [0, 5.61100788257864, 4.164056004594339, 0, 0]}",7.720795589557342,{1: [0]},4.164056004594339,4.164056004594339,6.805859476730325,4.164056004594339,0.9311696402007702,0.914936112827017,0.0,1.829872225654034,0,13.61171895346065,15.441591179114685
71,|,0.13058607936322453,6.272163435897804,"{1: [0, 6.272163435897812, 0]}",5.083554443906463,{None: [0]},4.996303959167492,4.996303959167492,4.996303959167492,4.996303959167492,0.9667773553360494,0.21783656410219532,0.0,1.5248559487153672,0.0,0.0,1.5248559487153672,|,-1.2758594767303197,4.996303959167487,"{2: [0, 4.996303959167491, 0]}",6.805859476730325,{0: [0]},4.996303959167492,4.996303959167491,6.272163435897812,4.996303959167492,0.921213757398044,0.5336960408325133,0.0,2.1347841633300533,0,25.088653743591248,27.2234379069213,|,0.914936112827017,9.160359963761834,"{None: [0, 4.164056004594339, 4.996303959167493, 0, 0]}",5.61100788257864,{1: [0]},4.996303959167491,4.996303959167493,4.996303959167491,4.996303959167491,0.932120650829721,1.529640036238166,0.0,3.059280072476332,0,9.992607918334983,13.051887990811315
72,|,0.21783656410219532,5.39309468015976,"{1: [0, 5.393094680159768, 0]}",6.272163435897812,{None: [0]},5.393094680159767,5.393094680159768,5.393094680159767,5.393094680159767,0.9672655572485778,1.09690531984024,0.0,7.678337238881681,0.0,0.0,7.678337238881681,|,0.5336960408325133,5.393094680159763,"{2: [0, 5.393094680159768, 0]}",4.996303959167491,{0: [0]},5.393094680159768,5.393094680159768,5.393094680159768,5.393094680159768,0.9223715097295714,0.13690531984023657,0.0,0.5476212793609463,0,21.572378720639072,22.12000000000002,|,1.529640036238166,10.389398639327261,"{None: [0, 4.996303959167493, 5.393094680159766, 0, 0]}",4.164056004594339,{1: [0]},5.393094680159768,5.393094680159766,5.393094680159768,5.393094680159768,0.9331181279547756,0.30060136067273646,0.0,0.6012027213454729,0,10.786189360319536,11.38739208166501
73,|,1.09690531984024,5.684495084174118,"{1: [0, 5.530000000000005, 0]}",5.393094680159768,{None: [0]},5.684495084174127,5.684495084174127,5.684495084174127,5.684495084174127,0.9677648427092159,0.8055049158258809,0.0,5.638534410781166,0.0,0.0,5.638534410781166,|,0.13690531984023657,5.684495084174122,"{2: [0, 5.29690531984023, 0]}",5.393094680159768,{0: [0]},5.684495084174127,5.684495084174128,5.530000000000005,5.530000000000005,0.9231410059944913,-0.1544950841741226,0.1544950841741226,0,0.0,22.12000000000002,22.12000000000002,|,0.30060136067273646,11.077589764333899,"{None: [0, 5.393094680159766, 5.68449508417413, 0, 0]}",4.996303959167493,{1: [0]},5.684495084174128,5.68449508417413,5.29690531984023,5.29690531984023,0.9330982720738344,-0.3875897643338986,0.3875897643338986,0,0.0,10.59381063968046,10.59381063968046
74,|,0.8055049158258809,5.929696767146508,"{1: [0, 5.29690531984023, 0]}",5.530000000000005,{None: [0]},5.775201682972393,5.775201682972394,5.775201682972393,5.775201682972393,0.9682567358989289,0.5603032328534923,0.0,3.922122629974446,0.0,0.0,3.922122629974446,|,-0.1544950841741226,6.162791447306288,"{2: [0, 5.393094680159766, 0]}",5.29690531984023,{0: [0]},5.775201682972394,5.775201682972395,5.29690531984023,5.142410235666107,0.92264184471262,-0.6327914473062872,0.6327914473062872,0,0.0,21.18762127936092,21.18762127936092,|,-0.3875897643338986,11.459696767146525,"{None: [0, 5.68449508417413, 5.775201682972393, 0, 0]}",5.393094680159766,{1: [0]},5.775201682972395,5.775201682972393,5.393094680159766,5.005504915825868,0.9320854295977787,-0.7696967671465273,0.7696967671465273,0,0.0,10.786189360319533,10.786189360319533
75,|,0.5603032328534923,6.188794333416899,"{1: [0, 5.393094680159766, 0]}",5.29690531984023,{None: [0]},5.55600288611062,5.55600288611062,5.55600288611062,5.55600288611062,0.9687159959365074,0.301205666583102,0.0,2.108439666081714,0.0,0.0,2.108439666081714,|,-0.6327914473062872,6.325699653257141,"{2: [0, 5.68449508417413, 0]}",5.393094680159766,{0: [0]},5.55600288611062,5.556002886110619,5.393094680159766,4.760303232853479,0.9216890396042248,-0.7956996532571408,0.7956996532571408,0,0.0,21.572378720639065,21.572378720639065,|,-0.7696967671465273,11.331204569083013,"{None: [0, 5.775201682972393, 5.556002886110621, 0, 0]}",5.68449508417413,{1: [0]},5.556002886110619,5.556002886110621,5.68449508417413,4.914798317027603,0.9313983037154412,-0.6412045690830164,0.6412045690830164,0,0.0,11.36899016834826,11.36899016834826
76,|,0.301205666583102,5.25471975324151,"{1: [0, 5.254719753241517, 0]}",5.393094680159766,{None: [0]},4.459020099984377,4.459020099984376,4.459020099984377,4.459020099984377,0.9690750771358008,1.2352802467584914,0.0,8.646961727309439,0.0,0.0,8.646961727309439,|,-0.7956996532571408,5.100224669067388,"{2: [0, 5.1002246690673925, 0]}",5.68449508417413,{0: [0]},4.459020099984376,4.459020099984376,5.254719753241517,4.459020099984376,0.9225879013202525,0.4297753309326131,0.0,1.7191013237304524,0,21.018879012966067,22.73798033669652,|,-0.6412045690830164,10.015022986094998,"{None: [0, 5.556002886110621, 4.459020099984378, 0, 0]}",5.775201682972393,{1: [0]},4.459020099984376,4.459020099984378,5.1002246690673925,4.459020099984376,0.9321857214425782,0.6749770139050009,0.0,1.3499540278100017,0,10.200449338134785,11.550403365944787
77,|,1.2352802467584914,6.524417247580253,"{1: [0, 5.530000000000006, 0]}",5.254719753241517,{None: [0]},6.52441724758026,6.524417247580259,6.490000000000008,6.490000000000008,0.9694987424966652,-0.034417247580251775,0.034417247580251775,0,1.2775682301789457,0.0,1.2775682301789457,|,0.4297753309326131,6.524417247580255,"{2: [0, 6.230979900015622, 0]}",5.1002246690673925,{0: [0]},6.524417247580259,6.524417247580258,5.530000000000006,5.530000000000006,0.9213490596360769,-0.9944172475802535,0.9944172475802535,0,0.0,22.120000000000022,22.120000000000022,|,0.6749770139050009,10.983437347564637,"{None: [0, 4.459020099984378, 6.52441724758026, 0, 0]}",5.556002886110621,{1: [0]},6.524417247580258,6.52441724758026,6.230979900015622,6.230979900015622,0.9325629606554717,-0.2934373475646366,0.2934373475646366,0,0.0,12.461959800031243,12.461959800031243
78,|,-0.034417247580251775,7.202802378098835,"{1: [0, 6.230979900015622, 0]}",5.530000000000006,{None: [0]},6.208385130518589,6.208385130518588,5.530000000000006,5.495582752419754,0.968194102371062,-0.7128023780988348,0.7128023780988348,0,26.45922427502875,0.0,26.45922427502875,|,-0.9944172475802535,6.501822478083221,"{2: [0, 4.459020099984378, 0]}",6.230979900015622,{0: [0]},6.208385130518588,6.208385130518587,6.230979900015622,5.236562652435368,0.9201438969859829,-0.9718224780832196,0.9718224780832196,0,0.0,24.923919600062487,24.923919600062487,|,-0.2934373475646366,12.732802378098842,"{None: [0, 6.52441724758026, 6.208385130518585, 0, 0]}",4.459020099984378,{1: [0]},6.208385130518587,6.208385130518585,4.459020099984378,4.165582752419741,0.9285149200810259,-2.0428023780988456,2.0428023780988456,0,0.0,8.918040199968756,8.918040199968756
79,|,-0.7128023780988348,6.023099762463265,"{1: [0, 4.459020099984378, 0]}",6.230979900015622,{None: [0]},5.051277284380053,5.051277284380053,5.7640796624788875,5.051277284380053,0.9685895600636711,0.46690023753673415,0.0,3.268301662757139,0.0,0.0,3.268301662757139,|,-0.9718224780832196,7.094079662478895,"{2: [0, 6.52441724758026, 0]}",4.459020099984378,{0: [0]},5.051277284380053,5.051277284380052,4.459020099984378,3.4871976219011582,0.9172868803348936,-1.5640796624788944,1.5640796624788944,0,0.0,17.83608039993751,17.83608039993751,|,-2.0428023780988456,11.259662414898635,"{None: [0, 6.208385130518585, 5.0512772843800535, 0, 0]}",6.52441724758026,{1: [0]},5.051277284380052,5.0512772843800535,6.52441724758026,4.481614869481414,0.9280015317044109,-0.5696624148986373,0.5696624148986373,0,0.0,13.04883449516052,13.04883449516052
80,|,0.46690023753673415,6.1374484530689495,"{1: [0, 6.137448453068957, 0]}",4.459020099984378,{None: [0]},4.573368790590061,4.573368790590062,4.573368790590061,4.573368790590061,0.9689392151188707,0.35255154693105073,0.0,2.467860828517355,0.0,0.0,2.467860828517355,|,-1.5640796624788944,5.143031205488697,"{2: [0, 5.1430312054886995, 0]}",6.52441724758026,{0: [0]},4.573368790590062,4.573368790590062,6.137448453068957,4.573368790590062,0.9182076270828173,0.3869687945113034,0.0,1.5478751780452136,0,24.549793812275826,26.09766899032104,|,-0.5696624148986373,9.624646074970112,"{None: [0, 5.0512772843800535, 4.573368790590064, 0, 0]}",6.208385130518585,{1: [0]},4.573368790590062,4.573368790590064,5.1430312054886995,4.573368790590062,0.9288030049870905,1.0653539250298856,0.0,2.130707850059771,0,10.286062410977399,12.41677026103717
81,|,0.35255154693105073,5.807940227831206,"{1: [0, 5.530000000000003, 0]}",6.137448453068957,{None: [0]},5.807940227831214,5.807940227831214,5.807940227831214,5.807940227831214,0.9693721948655939,0.6820597721687935,0.0,4.774418405181555,0.0,0.0,4.774418405181555,|,0.3869687945113034,5.807940227831211,"{2: [0, 5.807940227831214, 0]}",5.1430312054886995,{0: [0]},5.807940227831214,5.807940227831214,5.530000000000003,5.530000000000003,0.9186807027675246,-0.27794022783121086,0.27794022783121086,0,0.0,22.12000000000001,22.12000000000001,|,1.0653539250298856,10.381309018421273,"{None: [0, 4.573368790590064, 5.8079402278312156, 0, 0]}",5.0512772843800535,{1: [0]},5.807940227831214,5.8079402278312156,5.807940227831214,5.807940227831214,0.9297954736895435,0.3086909815787253,0.0,0.6173819631574506,0,11.615880455662428,12.233262418819878
82,|,0.6820597721687935,5.335219989639503,"{1: [0, 5.33521998963951, 0]}",5.530000000000003,{None: [0]},5.0572797618082985,5.057279761808299,5.0572797618082985,5.0572797618082985,0.9697394992457786,1.154780010360498,0.0,8.083460072523486,0.0,0.0,8.083460072523486,|,-0.27794022783121086,5.057279761808296,"{2: [0, 4.882059772168789, 0]}",5.807940227831214,{0: [0]},5.057279761808299,5.057279761808299,5.33521998963951,5.057279761808299,0.9196559255735975,0.4727202381917035,0.0,1.890880952766814,0,21.34087995855804,23.231760911324855,|,0.3086909815787253,10.86521998963951,"{None: [0, 5.8079402278312156, 5.057279761808301, 0, 0]}",4.573368790590064,{1: [0]},5.057279761808299,5.057279761808301,4.882059772168789,4.882059772168789,0.9302218968290944,-0.17521998963951013,0.17521998963951013,0,0.0,9.764119544337579,9.764119544337579
83,|,1.154780010360498,3.9598284256118337,"{1: [0, 3.959828425611841, 0]}",5.33521998963951,{None: [0]},3.9598284256118417,3.959828425611841,3.9598284256118417,3.9598284256118417,0.9700210046244869,2.5301715743881665,0.0,17.711201020717166,0.0,0.0,17.711201020717166,|,0.4727202381917035,4.135048415251349,"{2: [0, 4.135048415251352, 0]}",4.882059772168789,{0: [0]},3.959828425611841,3.9598284256118417,3.959828425611841,3.959828425611841,0.9204033450985443,1.394951584748652,0.0,5.579806338994608,0,15.839313702447363,21.41912004144197,|,-0.17521998963951013,9.017108187420137,"{None: [0, 5.057279761808301, 3.9598284256118417, 0, 0]}",5.8079402278312156,{1: [0]},3.9598284256118417,3.9598284256118417,4.135048415251352,3.9598284256118417,0.9308710239376711,1.6728918125798637,0.0,3.3457836251597275,0,8.270096830502704,11.615880455662431
84,|,2.5301715743881665,5.9341480856960604,"{1: [0, 5.530000000000004, 0]}",3.959828425611841,{None: [0]},5.9341480856960676,5.9341480856960676,5.9341480856960676,5.9341480856960676,0.9704331942023489,0.5558519143039398,0.0,3.8909634001275784,0.0,0.0,3.8909634001275784,|,1.394951584748652,5.934148085696065,"{2: [0, 5.934148085696067, 0]}",4.135048415251352,{0: [0]},5.9341480856960676,5.934148085696067,5.530000000000004,5.530000000000004,0.920561340280892,-0.40414808569606375,0.40414808569606375,0,0.0,22.120000000000015,22.120000000000015,|,1.6728918125798637,9.8939765113079,"{None: [0, 3.9598284256118417, 5.934148085696065, 0, 0]}",5.057279761808301,{1: [0]},5.934148085696067,5.934148085696065,5.934148085696067,5.934148085696067,0.9318214975310735,0.7960234886920983,0.0,1.5920469773841965,0,11.868296171392133,13.46034314877633
85,|,0.5558519143039398,5.284113543982051,"{1: [0, 5.284113543982058, 0]}",5.530000000000004,{None: [0]},4.879965458285994,4.879965458285994,4.879965458285994,4.879965458285994,0.9707637614307978,1.2058864560179492,0.0,8.441205192125643,0.0,0.0,8.441205192125643,|,-0.40414808569606375,4.879965458285992,"{2: [0, 4.75585191430394, 0]}",5.934148085696067,{0: [0]},4.879965458285994,4.8799654582859935,5.284113543982058,4.879965458285994,0.9214494922765711,0.6500345417140085,0.0,2.600138166856034,0,21.136454175928233,23.736592342784267,|,0.7960234886920983,10.814113543982053,"{None: [0, 5.934148085696065, 4.879965458285995, 0, 0]}",3.9598284256118417,{1: [0]},4.8799654582859935,4.879965458285995,4.75585191430394,4.75585191430394,0.9322994040295868,-0.12411354398205354,0.12411354398205354,0,0.0,9.51170382860788,9.51170382860788
86,|,1.2058864560179492,7.207016309092368,"{1: [0, 5.4058864560179485, 0]}",5.284113543982058,{None: [0]},7.207016309092374,7.207016309092374,6.490000000000007,6.490000000000007,0.9696226108679511,-0.7170163090923669,0.7170163090923669,0,26.615645393508657,0.0,26.615645393508657,|,0.6500345417140085,7.331129853074425,"{2: [0, 5.934148085696065, 0]}",4.75585191430394,{0: [0]},7.207016309092374,7.207016309092374,5.4058864560179485,5.4058864560179485,0.9186659458172525,-1.8011298530744257,1.8011298530744257,0,0.0,21.623545824071794,21.623545824071794,|,-0.12411354398205354,12.086981767378361,"{None: [0, 4.879965458285995, 7.207016309092374, 0, 0]}",5.934148085696065,{1: [0]},7.207016309092374,7.207016309092374,5.934148085696065,5.810034541714011,0.9302505078739811,-1.3969817673783629,1.3969817673783629,0,0.0,11.86829617139213,11.86829617139213
87,|,-0.7170163090923669,3.4011990738519886,"{1: [0, 3.401199073851994, 0]}",5.4058864560179485,{None: [0]},1.6000692207775695,1.6000692207775682,2.3170855298699364,1.6000692207775695,0.9697317679820783,3.088800926148012,0.0,21.621606483036086,0.0,0.0,21.621606483036086,|,-1.8011298530744257,2.9970509881559293,"{2: [0, 2.997050988155932, 0]}",5.934148085696065,{0: [0]},1.6000692207775682,1.600069220777569,3.401199073851994,1.6000692207775682,0.9189582089408626,2.532949011844071,0.0,10.131796047376284,0,13.604796295407976,23.73659234278426,|,-1.3969817673783629,8.807085529869937,"{None: [0, 7.207016309092374, 1.6000692207775717, 0, 0]}",4.879965458285995,{1: [0]},1.600069220777569,1.6000692207775717,2.997050988155932,1.600069220777569,0.9305011434121182,1.8829144701300633,0.0,3.7658289402601266,0,5.994101976311864,9.75993091657199
88,|,3.088800926148012,6.233528896151282,"{1: [0, 5.530000000000003, 0]}",3.401199073851994,{None: [0]},6.233528896151288,6.233528896151288,6.233528896151288,6.233528896151288,0.9701496429317291,0.2564711038487175,0.0,1.7952977269410226,0.0,0.0,1.7952977269410226,|,2.532949011844071,6.233528896151286,"{2: [0, 6.233528896151288, 0]}",2.997050988155932,{0: [0]},6.233528896151288,6.233528896151288,5.530000000000003,5.530000000000003,0.9185189070288171,-0.7035288961512851,0.7035288961512851,0,0.0,22.12000000000001,22.12000000000001,|,1.8829144701300633,7.833598116928849,"{None: [0, 1.6000692207775717, 6.233528896151286, 0, 0]}",7.207016309092374,{1: [0]},6.233528896151288,6.233528896151286,6.233528896151288,6.233528896151288,0.9314606256567453,2.8564018830711504,0.0,5.712803766142301,0,12.467057792302576,18.179861558444877
89,|,0.2564711038487175,5.11564805724109,"{1: [0, 5.1156480572410965, 0]}",5.530000000000003,{None: [0]},4.4121191610898105,4.412119161089811,4.4121191610898105,4.4121191610898105,0.9704385105437844,1.37435194275891,0.0,9.62046359931237,0.0,0.0,9.62046359931237,|,-0.7035288961512851,4.412119161089809,"{2: [0, 4.4121191610898105, 0]}",6.233528896151288,{0: [0]},4.412119161089811,4.4121191610898105,5.1156480572410965,4.412119161089811,0.919307415142821,1.1178808389101915,0.0,4.471523355640766,0,20.462592228964386,24.934115584605152,|,2.8564018830711504,10.645648057241088,"{None: [0, 6.233528896151286, 4.4121191610898105, 0, 0]}",1.6000692207775717,{1: [0]},4.4121191610898105,4.4121191610898105,4.4121191610898105,4.4121191610898105,0.9321238942854261,0.04435194275891163,0.0,0.08870388551782327,0,8.824238322179621,8.912942207697444
90,|,1.37435194275891,4.023063079121669,"{1: [0, 4.023063079121675, 0]}",5.1156480572410965,{None: [0]},4.023063079121675,4.023063079121675,4.023063079121675,4.023063079121675,0.9706970756369204,2.4669369208783314,0.0,17.26855844614832,0.0,0.0,17.26855844614832,|,1.1178808389101915,4.023063079121673,"{2: [0, 4.023063079121675, 0]}",4.4121191610898105,{0: [0]},4.023063079121675,4.023063079121675,4.023063079121675,4.023063079121675,0.9200132079192603,1.506936920878327,0.0,6.027747683513308,0,16.0922523164867,22.120000000000008,|,0.04435194275891163,8.435182240211477,"{None: [0, 4.4121191610898105, 4.023063079121675, 0, 0]}",6.233528896151286,{1: [0]},4.023063079121675,4.023063079121675,4.023063079121675,4.023063079121675,0.9327175853313997,2.254817759788523,0.0,4.509635519577046,0,8.04612615824335,12.555761677820396
91,|,2.4669369208783314,5.468070299832627,"{1: [0, 5.4680702998326325, 0]}",4.023063079121675,{None: [0]},5.4680702998326325,5.4680702998326325,5.4680702998326325,5.4680702998326325,0.9710413456578763,1.021929700167374,0.0,7.153507901171618,0.0,0.0,7.153507901171618,|,1.506936920878327,5.468070299832631,"{2: [0, 5.4680702998326325, 0]}",4.023063079121675,{0: [0]},5.4680702998326325,5.4680702998326325,5.4680702998326325,5.4680702998326325,0.9209529453408442,0.06192970016736954,0.0,0.24771880066947816,0,21.87228119933053,22.120000000000008,|,2.254817759788523,9.491133378954299,"{None: [0, 4.023063079121675, 5.4680702998326325, 0, 0]}",4.4121191610898105,{1: [0]},5.4680702998326325,5.4680702998326325,5.4680702998326325,5.4680702998326325,0.9335080633745093,1.1988666210457009,0.0,2.3977332420914017,0,10.936140599665265,13.333873841756667
92,|,1.021929700167374,7.871126924123233,"{1: [0, 5.530000000000002, 0]}",5.4680702998326325,{None: [0]},7.8711269241232396,7.871126924123239,6.490000000000006,6.490000000000006,0.9686048166150546,-1.3811269241232331,1.3811269241232331,0,51.26743142345441,0.0,51.26743142345441,|,0.06192970016736954,7.871126924123237,"{2: [0, 5.221929700167376, 0]}",5.4680702998326325,{0: [0]},7.871126924123239,7.871126924123239,5.530000000000002,5.530000000000002,0.9173210699680556,-2.3411269241232366,2.3411269241232366,0,0.0,22.120000000000008,22.120000000000008,|,1.1988666210457009,13.339197223955862,"{None: [0, 5.4680702998326325, 7.871126924123239, 0, 0]}",4.023063079121675,{1: [0]},7.871126924123239,7.871126924123239,5.221929700167376,5.221929700167376,0.929016479331996,-2.6491972239558628,2.6491972239558628,0,0.0,10.443859400334752,10.443859400334752
93,|,-1.3811269241232331,6.133041240317369,"{1: [0, 5.221929700167376, 0]}",5.530000000000002,{None: [0]},3.7919143161941378,3.7919143161941378,5.173041240317371,3.7919143161941378,0.9688543489178012,0.35695875968263113,0.0,2.498711317778418,0.0,0.0,2.498711317778418,|,-2.3411269241232366,6.441111540149999,"{2: [0, 5.4680702998326325, 0]}",5.221929700167376,{0: [0]},3.7919143161941378,3.7919143161941378,5.221929700167376,2.8808027760441393,0.9160684598593136,-0.9111115401499985,0.9111115401499985,0,0.0,20.887718800669504,20.887718800669504,|,-2.6491972239558628,11.66304124031737,"{None: [0, 7.871126924123239, 3.7919143161941378, 0, 0]}",5.4680702998326325,{1: [0]},3.7919143161941378,3.7919143161941378,5.4680702998326325,2.8188730758767697,0.927541104025504,-0.973041240317368,0.973041240317368,0,0.0,10.936140599665265,10.936140599665265
94,|,0.35695875968263113,6.9147147203039765,"{1: [0, 5.4680702998326325, 0]}",5.221929700167376,{None: [0]},6.003603180153984,6.003603180153984,5.578888459850007,5.578888459850007,0.9683622463762259,-0.42471472030397717,0.42471472030397717,0,15.765410417683631,0.0,15.765410417683631,|,-0.9111115401499985,6.9766444204713505,"{2: [0, 6.976644420471352, 0]}",5.4680702998326325,{0: [0]},6.003603180153984,6.003603180153984,5.4680702998326325,4.556958759682634,0.9141169443598697,-1.4466444204713502,1.4466444204713502,0,0.0,21.87228119933053,21.87228119933053,|,-0.973041240317368,9.795517496348111,"{None: [0, 3.7919143161941378, 6.003603180153982, 0, 0]}",7.871126924123239,{1: [0]},6.003603180153984,6.003603180153982,6.976644420471352,6.003603180153984,0.9284415919313789,0.8944825036518864,0.0,1.7889650073037728,0,13.953288840942704,15.742253848246477
95,|,-0.42471472030397717,7.57737086691143,"{1: [0, 6.976644420471352, 0]}",5.4680702998326325,{None: [0]},6.130726446440085,6.130726446440086,5.4680702998326325,5.043355579528655,0.966536050230166,-1.0873708669114297,1.0873708669114297,0,40.363206579752266,0.0,40.363206579752266,|,-1.4466444204713502,6.130726446440084,"{2: [0, 4.686396819846024, 0]}",6.976644420471352,{0: [0]},6.130726446440086,6.130726446440086,6.976644420471352,5.530000000000002,0.9139652719144794,-0.6007264464400839,0.6007264464400839,0,0.0,27.90657768188541,27.90657768188541,|,0.8944825036518864,12.134329626594061,"{None: [0, 6.003603180153982, 6.130726446440088, 0, 0]}",3.7919143161941378,{1: [0]},6.130726446440086,6.130726446440088,4.686396819846024,4.686396819846024,0.9263860172792651,-1.4443296265940617,1.4443296265940617,0,0.0,9.372793639692048,9.372793639692048
96,|,-1.0873708669114297,6.160766138632184,"{1: [0, 4.686396819846024, 0]}",6.976644420471352,{None: [0]},5.560039692192106,5.560039692192106,6.647410559103536,5.560039692192106,0.966912099258099,0.3292338613678165,0.0,2.3046370295747156,0.0,0.0,2.3046370295747156,|,-0.6007264464400839,7.004369318786166,"{2: [0, 6.003603180153982, 0]}",4.686396819846024,{0: [0]},5.560039692192106,5.560039692192106,4.686396819846024,4.08567037340594,0.9119522231043858,-1.4743693187861657,1.4743693187861657,0,0.0,18.745587279384097,18.745587279384097,|,-1.4443296265940617,11.690766138632183,"{None: [0, 6.130726446440088, 5.560039692192106, 0, 0]}",6.003603180153982,{1: [0]},5.560039692192106,5.560039692192106,6.003603180153982,4.559273553559921,0.9251905939878783,-1.0007661386321853,1.0007661386321853,0,0.0,12.007206360307965,12.007206360307965
97,|,0.3292338613678165,5.855972018122078,"{1: [0, 5.855972018122083, 0]}",4.686396819846024,{None: [0]},4.381602699335917,4.381602699335917,4.381602699335917,4.381602699335917,0.9672025433462066,0.6340279818779235,0.0,4.438195873145465,0.0,0.0,4.438195873145465,|,-1.4743693187861657,5.3823688379681,"{2: [0, 5.3823688379681025, 0]}",6.003603180153982,{0: [0]},4.381602699335917,4.381602699335917,5.855972018122083,4.381602699335917,0.9127251024861823,0.14763116203189952,0.0,0.5905246481275981,0,23.42388807248833,24.01441272061593,|,-1.0007661386321853,9.941642391528015,"{None: [0, 5.560039692192106, 4.381602699335919, 0, 0]}",6.130726446440088,{1: [0]},4.381602699335917,4.381602699335919,5.3823688379681025,4.381602699335917,0.9258472675520474,0.7483576084719852,0.0,1.4967152169439704,0,10.764737675936205,12.261452892880175
98,|,0.6340279818779235,4.775201280806579,"{1: [0, 4.775201280806585, 0]}",5.855972018122083,{None: [0]},4.775201280806586,4.775201280806585,4.775201280806586,4.775201280806586,0.967513326349545,1.7147987191934204,0.0,12.003591034353942,0.0,0.0,12.003591034353942,|,0.14763116203189952,4.775201280806583,"{2: [0, 4.775201280806586, 0]}",5.3823688379681025,{0: [0]},4.775201280806585,4.775201280806586,4.775201280806585,4.775201280806585,0.9135521042580488,0.7547987191934169,0.0,3.0191948767736676,0,19.10080512322634,22.120000000000008,|,0.7483576084719852,9.156803980142493,"{None: [0, 4.381602699335919, 4.775201280806584, 0, 0]}",5.560039692192106,{1: [0]},4.775201280806586,4.775201280806584,4.775201280806586,4.775201280806586,0.9265499259666675,1.5331960198575052,0.0,3.0663920397150104,0,9.550402561613172,12.616794601328182
99,|,1.7147987191934204,7.215901450653063,"{1: [0, 5.530000000000003, 0]}",4.775201280806585,{None: [0]},7.215901450653069,7.21590145065307,6.4900000000000055,6.4900000000000055,0.9665518084518684,-0.7259014506530637,0.7259014506530637,0,26.94546184824172,0.0,26.94546184824172,|,0.7547987191934169,7.215901450653067,"{2: [0, 5.914798719193424, 0]}",4.775201280806586,{0: [0]},7.21590145065307,7.21590145065307,5.530000000000003,5.530000000000003,0.9114742407752124,-1.6859014506530672,1.6859014506530672,0,0.0,22.12000000000001,22.12000000000001,|,1.5331960198575052,11.991102731459648,"{None: [0, 4.775201280806584, 7.215901450653072, 0, 0]}",4.381602699335919,{1: [0]},7.21590145065307,7.215901450653072,5.914798719193424,5.914798719193424,0.9250413810029864,-1.301102731459646,1.301102731459646,0,0.0,11.829597438386848,11.829597438386848
