t,|i=0,IL,OO,IS,IO,OQ,OS,DMFS,FR,EIL,BO,HC,SC,ITHC,TC,|i=1,IL,OO,IS,IO,OQ,OS,DMFS,FR,EIL,BO,HC,SC,ITHC,TC,|i=2,IL,OO,IS,IO,OQ,OS,DMFS,FR,EIL,BO,HC,SC,ITHC,TC
Avg,|,1.6293766214148218,4.8603483137285854,4.860348313728585,4.860348313728585,4.8603483137285854,4.8603483137285854,4.842942661867718,0.9989673280528689,1.6296516862714143,0.017405651860867764,11.529401366925974,0.6460977970754114,0.0,12.175499164001383,|,5.141134240237425,5.050576592364808,4.902441308383484,4.860348313728585,4.902441308383485,4.8603483137285854,4.8603483137285854,1.0,5.29147960984692,0.0,21.16591843938768,0.0,19.441393254914342,40.60731169430203,|,6.084024831324625,9.829132267694364,4.9291185843949314,4.902441308383485,4.9291185843949314,4.902441308383485,4.75430602440216,0.93275249404008,6.220485824577611,0.14813528398132444,12.73724221711787,0.0,9.80488261676697,22.54212483388484
""
0,|,6.49,0.0,0.0,4.72928767693268,4.72928767693268,4.72928767693268,4.72928767693268,1.0,1.7607123230673203,0.0,12.324986261471242,0.0,0.0,12.324986261471242,|,5.53,0.0,0.0,4.72928767693268,4.72928767693268,4.72928767693268,4.72928767693268,1.0,0.8007123230673203,0.0,3.2028492922692813,0.0,18.91715070773072,22.12,|,10.69,0.0,0.0,4.72928767693268,4.729287676932678,4.72928767693268,4.72928767693268,1.0,5.96071232306732,0.0,11.92142464613464,0.0,9.45857535386536,21.38
1,|,1.7607123230673203,4.72928767693268,4.72928767693268,5.10484805260974,5.10484805260974,5.10484805260974,5.10484805260974,1.0,1.38515194739026,0.0,9.696063631731821,0.0,0.0,9.696063631731821,|,0.8007123230673203,4.72928767693268,4.72928767693268,5.10484805260974,9.83413572954242,5.10484805260974,5.10484805260974,1.0,0.4251519473902601,0.0,1.7006077895610403,0.0,20.41939221043896,22.12,|,5.96071232306732,4.729287676932678,0.0,9.83413572954242,19.29271108340778,5.96071232306732,5.96071232306732,0.7340307084148276,-3.8734234064750996,3.8734234064750996,0.0,0.0,11.92142464613464,11.92142464613464
2,|,1.38515194739026,5.104848052609741,5.10484805260974,5.250527815723572,5.250527815723571,5.250527815723572,5.250527815723572,1.0,1.239472184276428,0.0,8.676305289934996,0.0,0.0,8.676305289934996,|,0.4251519473902601,9.83413572954242,5.96071232306732,5.250527815723571,5.626088191400632,5.250527815723571,5.250527815723571,1.0,1.1353364547340083,0.0,4.541345818936033,0.0,21.002111262894285,25.54345708183032,|,-3.8734234064750996,24.02199876034046,4.729287676932678,5.626088191400632,2.503785536279654,4.729287676932678,0.8558642704575785,0.571874372219702,-4.770223920943054,4.770223920943054,0.0,0.0,9.458575353865356,9.458575353865356
3,|,1.239472184276428,5.250527815723571,5.250527815723571,4.074800034721923,4.074800034721924,4.074800034721923,4.074800034721923,1.0,2.4151999652780765,0.0,16.906399756946534,0.0,0.0,16.906399756946534,|,1.1353364547340083,9.499511597875731,4.729287676932678,4.074800034721924,4.220479797835757,4.074800034721924,4.074800034721924,1.0,1.7898240969447627,0.0,7.159296387779051,0.0,16.299200138887695,23.458496526666746,|,-4.770223920943054,21.796496619687435,19.29271108340778,4.220479797835757,2.759174539137888,8.99070371877881,4.220479797835757,0.6458971579589853,10.30200736462897,0.0,20.60401472925794,0.0,17.98140743755762,38.58542216681556
4,|,2.4151999652780765,4.074800034721924,4.074800034721924,5.567143660285906,5.567143660285906,5.567143660285906,5.567143660285906,1.0,0.9228563397140945,0.0,6.459994377998662,0.0,0.0,6.459994377998662,|,1.7898240969447627,8.99070371877881,8.99070371877881,5.567143660285906,4.391415879284255,5.567143660285906,5.567143660285906,1.0,5.213384155437668,0.0,20.85353662175067,0.0,22.268574641143623,43.12211126289429,|,10.30200736462897,5.262960075417542,2.503785536279654,4.391415879284255,7.331424377014903,4.391415879284255,4.391415879284255,0.6998880212731051,8.41437702162437,0.0,16.82875404324874,0.0,8.78283175856851,25.61158580181725
5,|,0.9228563397140945,5.567143660285905,5.567143660285906,3.959819783917062,3.959819783917063,3.959819783917062,3.959819783917062,1.0,2.5301802160829383,0.0,17.711261512580567,0.0,0.0,17.711261512580567,|,5.213384155437668,4.391415879284255,4.391415879284255,3.959819783917063,5.452163409481045,3.959819783917063,3.959819783917063,1.0,5.64498025080486,0.0,22.57992100321944,0.0,15.839279135668251,38.41920013888769,|,8.41437702162437,10.090598916152791,2.759174539137888,5.452163409481045,3.520946976552125,5.452163409481045,5.452163409481045,0.7476570426178859,5.721388151281213,0.0,11.442776302562425,0.0,10.90432681896209,22.347103121524516
6,|,2.5301802160829383,3.9598197839170624,3.959819783917063,4.846324048542063,4.846324048542063,4.846324048542063,4.846324048542063,1.0,1.6436759514579382,0.0,11.505731660205567,0.0,0.0,11.505731660205567,|,5.64498025080486,5.452163409481045,5.452163409481045,4.846324048542063,3.2390001721732204,4.846324048542063,4.846324048542063,1.0,6.250819611743842,0.0,25.00327844697537,0.0,19.38529619416825,44.38857464114362,|,5.721388151281213,10.852371353567028,7.331424377014903,3.2390001721732204,1.2000802004371849,3.2390001721732204,3.2390001721732204,0.7694570649618431,9.813812356122895,0.0,19.62762471224579,0.0,6.478000344346441,26.10562505659223
7,|,1.6436759514579382,4.846324048542062,4.846324048542063,5.7898518103468195,5.7898518103468195,5.7898518103468195,5.7898518103468195,1.0,0.7001481896531816,0.0,4.901037327572271,0.0,0.0,4.901037327572271,|,6.250819611743842,3.2390001721732204,3.2390001721732204,5.7898518103468195,6.676356074971819,5.7898518103468195,5.7898518103468195,1.0,3.699967973570244,0.0,14.799871894280976,0.0,23.159407241387278,37.959279135668254,|,9.813812356122895,4.72102717698931,3.520946976552125,6.676356074971819,6.957020978657836,6.676356074971819,6.676356074971819,0.8043047923532435,6.658403257703201,0.0,13.316806515406402,0.0,13.352712149943638,26.66951866535004
8,|,0.7001481896531816,5.789851810346819,5.7898518103468195,3.773784153558146,3.773784153558146,3.773784153558146,3.773784153558146,1.0,2.7162158464418553,0.0,19.013510925092987,0.0,0.0,19.013510925092987,|,3.699967973570244,6.676356074971819,6.676356074971819,3.773784153558146,4.7173119153629015,3.773784153558146,3.773784153558146,1.0,6.602539894983917,0.0,26.41015957993567,0.0,15.095136614232583,41.50529619416825,|,6.658403257703201,8.15710117909502,1.2000802004371849,4.7173119153629015,8.211691315341259,4.7173119153629015,4.7173119153629015,0.8231885387118243,3.1411715427774842,0.0,6.2823430855549685,0.0,9.434623830725803,15.716966916280771
9,|,2.7162158464418553,3.773784153558145,3.773784153558146,4.051993012286541,4.051993012286541,4.051993012286541,4.051993012286541,1.0,2.43800698771346,0.0,17.06604891399422,0.0,0.0,17.06604891399422,|,6.602539894983917,4.717311915362901,4.7173119153629015,4.051993012286541,2.0359253554978682,4.051993012286541,4.051993012286541,1.0,7.267858798060278,0.0,29.07143519224111,0.0,16.207972049146164,45.279407241387275,|,3.1411715427774842,15.168712293999093,6.957020978657836,2.0359253554978682,0.0,2.0359253554978682,2.0359253554978682,0.8302576596499653,8.06226716593745,0.0,16.1245343318749,0.0,4.0718507109957365,20.196385042870638
10,|,2.43800698771346,4.05199301228654,4.051993012286541,4.430346058069936,4.430346058069936,4.430346058069936,4.430346058069936,1.0,2.0596539419300655,0.0,14.417577593510458,0.0,0.0,14.417577593510458,|,7.267858798060278,2.0359253554978674,2.0359253554978682,4.430346058069936,4.70855491679833,4.430346058069936,4.430346058069936,1.0,4.87343809548821,0.0,19.49375238195284,0.0,17.721384232279743,37.215136614232584,|,8.06226716593745,8.211691315341257,8.211691315341259,4.70855491679833,1.4387306497458887,4.70855491679833,4.70855491679833,0.8446245623953768,11.56540356448038,0.0,23.13080712896076,0.0,9.41710983359666,32.54791696255742
11,|,2.0596539419300655,4.430346058069935,4.430346058069936,4.022849785302228,4.022849785302228,4.022849785302228,4.022849785302228,1.0,2.4671502146977735,0.0,17.270051502884414,0.0,0.0,17.270051502884414,|,4.87343809548821,4.708554916798329,4.70855491679833,4.022849785302228,4.401202831085623,4.022849785302228,4.022849785302228,1.0,5.559143226984313,0.0,22.23657290793725,0.0,16.09139914120891,38.32797204914616,|,11.56540356448038,1.438730649745887,0.0,4.401202831085623,7.173976579441078,4.401202831085623,4.401202831085623,0.8560158154762297,7.1642007333947575,0.0,14.328401466789515,0.0,8.802405662171246,23.13080712896076
12,|,2.4671502146977735,4.022849785302227,4.022849785302228,4.229368288816449,4.229368288816449,4.229368288816449,4.229368288816449,1.0,2.260631711183552,0.0,15.824421978284864,0.0,0.0,15.824421978284864,|,5.559143226984313,4.401202831085622,4.401202831085623,4.229368288816449,3.82187201604874,4.229368288816449,4.229368288816449,1.0,5.730977769253487,0.0,22.923911077013948,0.0,16.917473155265796,39.841384232279744,|,7.1642007333947575,8.612707229186965,1.4387306497458887,3.82187201604874,2.7286706117849313,3.82187201604874,3.82187201604874,0.8646337705169972,4.781059367091906,0.0,9.562118734183812,0.0,7.64374403209748,17.205862766281292
13,|,2.260631711183552,4.229368288816449,4.229368288816449,4.966288708546514,4.9662887085465135,4.966288708546514,4.966288708546514,1.0,1.5237112914534867,0.0,10.665979040174406,0.0,0.0,10.665979040174406,|,5.730977769253487,3.82187201604874,3.82187201604874,4.9662887085465135,5.172807212060735,4.9662887085465135,4.9662887085465135,1.0,4.5865610767557135,0.0,18.346244307022854,0.0,19.865154834186054,38.21139914120891,|,4.781059367091906,9.902647191226007,7.173976579441078,5.172807212060735,5.207491173305787,5.172807212060735,5.172807212060735,0.8747780249954792,6.782228734472249,0.0,13.564457468944498,0.0,10.34561442412147,23.910071893065968
14,|,1.5237112914534867,4.966288708546514,4.9662887085465135,3.9671407548338697,3.967140754833869,3.9671407548338697,3.9671407548338697,1.0,2.5228592451661305,0.0,17.660014716162912,0.0,0.0,17.660014716162912,|,4.5865610767557135,5.172807212060736,5.172807212060735,3.967140754833869,4.7040611745639325,3.967140754833869,3.967140754833869,1.0,5.7922275339825795,0.0,23.168910135930318,0.0,15.868563019335475,39.03747315526579,|,6.782228734472249,7.936161785090716,2.7286706117849313,4.7040611745639325,6.585398286791765,4.7040611745639325,4.7040611745639325,0.88276726328552,4.806838171693247,0.0,9.613676343386494,0.0,9.408122349127865,19.02179869251436
15,|,2.5228592451661305,3.9671407548338697,3.967140754833869,6.142427376683153,6.142427376683153,6.142427376683153,6.142427376683153,1.0,0.3475726233168466,0.0,2.433008363217926,0.0,0.0,2.433008363217926,|,5.7922275339825795,4.704061174563933,4.7040611745639325,6.142427376683153,5.143279422970509,6.142427376683153,6.142427376683153,1.0,4.353861331863359,0.0,17.415445327453437,0.0,24.56970950673261,41.98515483418605,|,4.806838171693247,11.79288946009755,5.207491173305787,5.143279422970509,2.9384650120310027,5.143279422970509,5.143279422970509,0.890411875800949,4.871049922028525,0.0,9.74209984405705,0.0,10.286558845941018,20.028658689998068
16,|,0.3475726233168466,6.142427376683154,6.142427376683153,4.390221992312528,4.390221992312528,4.390221992312528,4.390221992312528,1.0,2.0997780076874717,0.0,14.698446053812301,0.0,0.0,14.698446053812301,|,4.353861331863359,5.14327942297051,5.143279422970509,4.390221992312528,6.565508614161812,4.390221992312528,4.390221992312528,1.0,5.106918762521341,0.0,20.427675050085362,0.0,17.56088796925011,37.98856301933547,|,4.871049922028525,9.523863298822766,6.585398286791765,6.565508614161812,10.179161438130317,6.565508614161812,6.565508614161812,0.8988330649606755,4.890939594658478,0.0,9.781879189316957,0.0,13.131017228323625,22.91289641764058
17,|,2.0997780076874717,4.3902219923125285,4.390221992312528,6.46941638687667,6.46941638687667,6.46941638687667,6.46941638687667,1.0,0.020583613123329236,0.0,0.14408529186330465,0.0,0.0,0.14408529186330465,|,5.106918762521341,6.565508614161813,6.565508614161812,6.46941638687667,4.717211002506044,6.46941638687667,6.46941638687667,1.0,5.203010989806483,0.0,20.81204395922593,0.0,25.87766554750668,46.68970950673261,|,4.890939594658478,13.117626450161318,2.9384650120310027,4.717211002506044,2.211948187477436,4.717211002506044,4.717211002506044,0.9041263596732952,3.112193604183437,0.0,6.224387208366874,0.0,9.434422005012088,15.658809213378962
18,|,0.020583613123329236,6.469416386876672,6.46941638687667,6.4926788367383335,6.492678836738333,6.489999999999999,6.489999999999999,0.9999709639893647,-0.002678836738334134,0.002678836738334134,0.0,0.09943841972696305,0.0,0.09943841972696305,|,5.203010989806483,4.717211002506046,4.717211002506044,6.492678836738333,8.571873231302472,6.492678836738333,6.492678836738333,1.0,3.4275431555741944,0.0,13.710172622296778,0.0,25.97071534695333,39.68088796925011,|,3.112193604183437,12.39110962560775,10.179161438130317,8.571873231302472,10.554975398581472,8.571873231302472,8.571873231302472,0.9124503634097427,4.719481811011281,0.0,9.438963622022563,0.0,17.143746462604945,26.582710084627507
19,|,-0.002678836738334134,6.492678836738335,6.492678836738333,5.707125227889218,5.707125227889217,5.709804064627552,5.707125227889218,0.9999726555123113,0.7828747721107803,0.0,5.480123404775462,0.0,0.0,5.480123404775462,|,3.4275431555741944,8.571873231302474,8.571873231302472,5.707125227889217,5.730387677750882,5.707125227889217,5.707125227889217,1.0,6.29229115898745,0.0,25.1691646359498,0.0,22.82850091155687,47.99766554750667,|,4.719481811011281,12.766923586058907,2.211948187477436,5.730387677750882,7.5291179618448325,5.730387677750882,5.730387677750882,0.917253144710312,1.2010423207378347,0.0,2.4020846414756694,0.0,11.460775355501765,13.862859996977434
20,|,0.7828747721107803,5.707125227889221,5.707125227889217,3.1415097433483887,3.141509743348388,3.1415097433483887,3.1415097433483887,0.9999735051303849,3.348490256651609,0.0,23.439431796561262,0.0,0.0,23.439431796561262,|,6.29229115898745,5.730387677750883,5.730387677750882,3.141509743348388,2.3559561344992748,3.141509743348388,3.141509743348388,1.0,8.881169093389945,0.0,35.52467637355978,0.0,12.566038973393551,48.09071534695333,|,1.2010423207378347,18.084093360426305,10.554975398581472,2.3559561344992748,0.0,2.3559561344992748,2.3559561344992748,0.9190782458964417,9.400061584820032,0.0,18.800123169640063,0.0,4.7119122689985495,23.512035438638613
21,|,3.348490256651609,3.141509743348391,3.141509743348388,3.6293762288718954,3.6293762288718954,3.6293762288718954,3.6293762288718954,0.9999744232369864,2.8606237711281013,0.0,20.02436639789671,0.0,0.0,20.02436639789671,|,8.881169093389945,2.3559561344992757,2.3559561344992748,3.6293762288718954,1.0637607443310664,3.6293762288718954,3.6293762288718954,1.0,7.607748999017324,0.0,30.430995996069296,0.0,14.517504915487581,44.94850091155688,|,9.400061584820032,7.5291179618448325,7.5291179618448325,1.0637607443310664,0.0,1.0637607443310664,1.0637607443310664,0.9198761924225719,15.865418802333796,0.0,31.73083760466759,0.0,2.1275214886621328,33.858359093329724
22,|,2.8606237711281013,3.6293762288718985,3.6293762288718954,4.669893612079397,4.669893612079397,4.669893612079397,4.669893612079397,0.9999755149471791,1.8201063879205996,0.0,12.740744715444198,0.0,0.0,12.740744715444198,|,7.607748999017324,1.0637607443310673,1.0637607443310664,4.669893612079397,5.157760097602905,4.669893612079397,4.669893612079397,1.0,4.001616131268994,0.0,16.006464525075977,0.0,18.679574448317588,34.686038973393565,|,15.865418802333796,0.0,0.0,5.157760097602905,1.533968525123683,5.157760097602905,5.157760097602905,0.9235321773993571,10.70765870473089,0.0,21.41531740946178,0.0,10.31552019520581,31.73083760466759
23,|,1.8201063879205996,4.6698936120794,4.669893612079397,3.4847100541277953,3.484710054127796,3.4847100541277953,3.4847100541277953,0.9999762707448572,3.0052899458722013,0.0,21.03702962110541,0.0,0.0,21.03702962110541,|,4.001616131268994,5.157760097602906,5.157760097602905,3.484710054127796,4.525227437335297,3.484710054127796,3.484710054127796,1.0,5.674666174744103,0.0,22.698664698976412,0.0,13.938840216511185,36.6375049154876,|,10.70765870473089,1.533968525123683,0.0,4.525227437335297,9.17187768829113,4.525227437335297,4.525227437335297,0.9264756062934055,6.182431267395594,0.0,12.364862534791188,0.0,9.050454874670594,21.41531740946178
24,|,3.0052899458722013,3.484710054127799,3.484710054127796,6.200060185821551,6.200060185821551,6.200060185821551,6.200060185821551,0.9999775061180596,0.28993981417844683,0.0,2.029578699249128,0.0,0.0,2.029578699249128,|,5.674666174744103,4.525227437335298,4.525227437335297,6.200060185821551,5.014876627869949,6.200060185821551,6.200060185821551,1.0,3.999833426257849,0.0,15.999333705031397,0.0,24.800240743286203,40.7995744483176,|,6.182431267395594,10.705846213414812,1.533968525123683,5.014876627869949,2.1566430264432377,5.014876627869949,5.014876627869949,0.9294836523178922,2.701523164649328,0.0,5.403046329298656,0.0,10.029753255739898,15.432799585038554
25,|,0.28993981417844683,6.200060185821553,6.200060185821551,3.177380856579159,3.177380856579159,3.177380856579159,3.177380856579159,0.9999780906613868,3.3126191434208385,0.0,23.18833400394587,0.0,0.0,23.18833400394587,|,3.999833426257849,5.01487662786995,5.014876627869949,3.177380856579159,5.892730988272913,3.177380856579159,3.177380856579159,1.0,5.837329197548639,0.0,23.349316790194557,0.0,12.709523426316636,36.05884021651119,|,2.701523164649328,11.328520714734367,9.17187768829113,5.892730988272913,10.282913868452923,5.892730988272913,5.892730988272913,0.9327181533198481,5.980669864667544,0.0,11.961339729335087,0.0,11.785461976545825,23.746801705880912
26,|,3.3126191434208385,3.177380856579161,3.177380856579159,5.269384541363552,5.269384541363553,5.269384541363552,5.269384541363552,0.9999789958678701,1.2206154586364457,0.0,8.544308210455121,0.0,0.0,8.544308210455121,|,5.837329197548639,5.892730988272913,5.892730988272913,5.269384541363553,2.2467052121211637,5.269384541363553,5.269384541363553,1.0,6.460675644457999,0.0,25.842702577831997,0.0,21.07753816545421,46.92024074328621,|,5.980669864667544,12.43955689489616,2.1566430264432377,2.2467052121211637,0.0,2.2467052121211637,2.2467052121211637,0.9338745729282374,5.890607678989618,0.0,11.781215357979235,0.0,4.493410424242327,16.274625782221563
27,|,1.2206154586364457,5.269384541363554,5.269384541363553,4.5535756243528125,4.553575624352813,4.5535756243528125,4.5535756243528125,0.9999797199375096,1.936424375647186,0.0,13.554970629530303,0.0,0.0,13.554970629530303,|,6.460675644457999,2.2467052121211637,2.2467052121211637,4.553575624352813,6.645579309137204,4.553575624352813,4.553575624352813,1.0,4.15380523222635,0.0,16.6152209289054,0.0,18.214302497411254,34.829523426316655,|,5.890607678989618,10.282913868452923,10.282913868452923,6.645579309137204,5.50076665860022,6.645579309137204,6.645579309137204,0.9370737350634969,9.527942238305336,0.0,19.05588447661067,0.0,13.291158618274409,32.34704309488508
28,|,1.936424375647186,4.553575624352814,4.553575624352813,6.114313600092155,6.114313600092155,6.114313600092155,6.114313600092155,0.9999806171363289,0.3756863999078446,0.0,2.629804799354912,0.0,0.0,2.629804799354912,|,4.15380523222635,6.645579309137204,6.645579309137204,6.114313600092155,5.3985046830814145,6.114313600092155,6.114313600092155,1.0,4.6850709412714,0.0,18.7402837650856,0.0,24.45725440036862,43.19753816545422,|,9.527942238305336,5.50076665860022,0.0,5.3985046830814145,6.989566178302324,5.3985046830814145,5.3985046830814145,0.9394533069319683,4.129437555223921,0.0,8.258875110447843,0.0,10.797009366162829,19.05588447661067
29,|,0.3756863999078446,6.1143136000921565,6.114313600092155,3.6191974018225004,3.6191974018224995,3.6191974018225004,3.6191974018225004,0.999981111760624,2.870802598177499,0.0,20.095618187242493,0.0,0.0,20.095618187242493,|,4.6850709412714,5.3985046830814145,5.3985046830814145,3.6191974018224995,5.179935377561839,3.6191974018224995,3.6191974018224995,1.0,6.464378222530315,0.0,25.85751289012126,0.0,14.476789607289998,40.33430249741126,|,4.129437555223921,12.490332836902544,5.50076665860022,5.179935377561839,6.209407644256132,5.179935377561839,5.179935377561839,0.9415732747873112,4.450268836262302,0.0,8.900537672524605,0.0,10.359870755123678,19.260408427648283
30,|,2.870802598177499,3.619197401822502,3.6191974018224995,6.015424517555433,6.015424517555432,6.015424517555433,6.015424517555433,0.9999818802938764,0.4745754824445658,0.0,3.3220283771119608,0.0,0.0,3.3220283771119608,|,6.464378222530315,5.179935377561838,5.179935377561839,6.015424517555432,3.5203083192857783,6.015424517555432,6.015424517555432,1.0,5.628889082536722,0.0,22.51555633014689,0.0,24.061698070221727,46.577254400368616,|,4.450268836262302,13.198973822558457,6.989566178302324,3.5203083192857783,0.0,3.5203083192857783,3.5203083192857783,0.942931255270197,7.919526695278847,0.0,15.839053390557694,0.0,7.0406166385715565,22.87967002912925
31,|,0.4745754824445658,6.015424517555435,6.015424517555432,5.224081283287703,5.224081283287702,5.224081283287703,5.224081283287703,0.9999824987156201,1.265918716712295,0.0,8.861431016986064,0.0,0.0,8.861431016986064,|,5.628889082536722,3.5203083192857774,3.5203083192857783,5.224081283287702,7.620308399020636,5.224081283287702,5.224081283287702,1.0,3.9251161185348,0.0,15.7004644741392,0.0,20.896325133150807,36.596789607290006,|,7.919526695278847,6.2094076442561335,6.209407644256132,7.620308399020636,10.097909494504371,7.620308399020636,7.620308399020636,0.9456649732810779,6.508625940514343,0.0,13.017251881028686,0.0,15.240616798041271,28.257868679069958
32,|,1.265918716712295,5.224081283287705,5.224081283287702,4.355448885729298,4.355448885729298,4.355448885729298,4.355448885729298,0.9999829829340104,2.1345511142706988,0.0,14.94185779989489,0.0,0.0,14.94185779989489,|,3.9251161185348,7.620308399020635,7.620308399020636,4.355448885729298,3.564105651461567,4.355448885729298,4.355448885729298,1.0,7.189975631826138,0.0,28.75990252730455,0.0,17.42179554291719,46.18169807022174,|,6.508625940514343,10.097909494504371,0.0,3.564105651461567,4.4765353811957596,3.564105651461567,3.564105651461567,0.9468556410254716,2.944520289052776,0.0,5.889040578105552,0.0,7.128211302923134,13.017251881028686
33,|,2.1345511142706988,4.3554488857293014,4.355448885729298,5.661531660367694,5.661531660367694,5.661531660367694,5.661531660367694,0.9999835736955911,0.8284683396323027,0.0,5.799278377426119,0.0,0.0,5.799278377426119,|,7.189975631826138,3.564105651461566,3.564105651461567,5.661531660367694,4.79289926280929,5.661531660367694,5.661531660367694,1.0,5.09254962292001,0.0,20.37019849168004,0.0,22.646126641470776,43.016325133150815,|,2.944520289052776,14.57444487570013,10.097909494504371,4.79289926280929,0.6594073519595476,4.79289926280929,4.79289926280929,0.9483768978312657,8.249530520747857,0.0,16.499061041495715,0.0,9.58579852561858,26.084859567114293
34,|,0.8284683396323027,5.6615316603676975,5.661531660367694,6.292964845138368,6.292964845138368,6.292964845138368,6.292964845138368,0.9999841839987484,0.19703515486162893,0.0,1.3792460840314025,0.0,0.0,1.3792460840314025,|,5.09254962292001,4.792899262809289,4.79289926280929,6.292964845138368,7.599047619776766,6.292964845138368,6.292964845138368,1.0,3.592484040590932,0.0,14.369936162363729,0.0,25.17185938055347,39.5417955429172,|,8.249530520747857,5.135942733155307,4.4765353811957596,7.599047619776766,11.00255640332129,7.599047619776766,7.599047619776766,0.9506180653844306,5.127018282166851,0.0,10.254036564333703,0.0,15.198095239553531,25.452131803887234
35,|,0.19703515486162893,6.29296484513837,6.292964845138368,4.104687954691534,4.104687954691535,4.104687954691534,4.104687954691534,0.9999845582195837,2.3853120453084626,0.0,16.697184317159238,0.0,0.0,16.697184317159238,|,3.592484040590932,7.599047619776765,7.599047619776766,4.104687954691535,4.73612113946221,4.104687954691535,4.104687954691535,1.0,7.086843705676163,0.0,28.34737482270465,0.0,16.41875181876614,44.76612664147079,|,5.127018282166851,11.661963755280837,0.6594073519595476,4.73612113946221,6.867619906561959,4.73612113946221,4.73612113946221,0.951919034665615,1.0503044946641893,0.0,2.1006089893283786,0.0,9.47224227892442,11.572851268252798
36,|,2.3853120453084626,4.1046879546915385,4.104687954691535,4.431689346880682,4.431689346880681,4.431689346880682,4.431689346880682,0.9999849428669159,2.0583106531193156,0.0,14.40817457183521,0.0,0.0,14.40817457183521,|,7.086843705676163,4.73612113946221,4.73612113946221,4.431689346880681,2.2434124564338447,4.431689346880681,4.431689346880681,1.0,7.391275498257691,0.0,29.565101993030765,0.0,17.726757387522724,47.29185938055349,|,1.0503044946641893,17.87017630988325,11.00255640332129,2.2434124564338447,0.0,2.2434124564338447,2.2434124564338447,0.952511649274694,9.809448441551634,0.0,19.618896883103268,0.0,4.486824912867689,24.105721795970958
37,|,2.0583106531193156,4.431689346880685,4.431689346880681,2.8883816420774937,2.8883816420774937,2.8883816420774937,2.8883816420774937,0.999985183413274,3.601618357922503,0.0,25.21132850545752,0.0,0.0,25.21132850545752,|,7.391275498257691,2.2434124564338447,2.2434124564338447,2.8883816420774937,3.215383034266642,2.8883816420774937,2.8883816420774937,1.0,6.746306312614042,0.0,26.985225250456168,0.0,11.553526568309975,38.538751818766144,|,9.809448441551634,6.867619906561959,6.867619906561959,3.215383034266642,0.0,3.215383034266642,3.215383034266642,0.9533359863897117,13.461685313846951,0.0,26.923370627693902,0.0,6.430766068533284,33.35413669622719
38,|,3.601618357922503,2.8883816420774977,2.8883816420774937,4.181692281275389,4.181692281275389,4.181692281275389,4.181692281275389,0.9999855183569866,2.308307718724608,0.0,16.158154031072257,0.0,0.0,16.158154031072257,|,6.746306312614042,3.215383034266642,3.215383034266642,4.181692281275389,2.638384576472202,4.181692281275389,4.181692281275389,1.0,5.779997065605295,0.0,23.11998826242118,0.0,16.726769125101555,39.846757387522736,|,13.461685313846951,0.0,0.0,2.638384576472202,1.538774592088707,2.638384576472202,2.638384576472202,0.953991320717014,10.82330073737475,0.0,21.6466014747495,0.0,5.276769152944404,26.923370627693902
39,|,2.308307718724608,4.181692281275392,4.181692281275389,4.037616387669554,4.037616387669554,4.037616387669554,4.037616387669554,0.9999858276976789,2.4523836123304426,0.0,17.166685286313097,0.0,0.0,17.166685286313097,|,5.779997065605295,2.638384576472202,2.638384576472202,4.037616387669554,5.330927026867449,4.037616387669554,4.037616387669554,1.0,4.380765254407943,0.0,17.523061017631772,0.0,16.150465550678216,33.67352656830999,|,10.82330073737475,1.538774592088707,0.0,5.330927026867449,7.590546913074093,5.330927026867449,5.330927026867449,0.9552608229150429,5.492373710507301,0.0,10.984747421014601,0.0,10.661854053734897,21.6466014747495
40,|,2.4523836123304426,4.0376163876695585,4.037616387669554,5.124501672999136,5.124501672999135,5.124501672999136,5.124501672999136,0.9999862017814104,1.3654983270008607,0.0,9.558488289006025,0.0,0.0,9.558488289006025,|,4.380765254407943,5.330927026867449,5.330927026867449,5.124501672999135,4.980425779393301,5.124501672999135,5.124501672999135,1.0,4.587190608276257,0.0,18.348762433105026,0.0,20.49800669199654,38.84676912510157,|,5.492373710507301,9.1293215051628,1.538774592088707,4.980425779393301,6.235581696984816,4.980425779393301,4.980425779393301,0.9563851478182481,2.0507225232027064,0.0,4.101445046405413,0.0,9.960851558786603,14.062296605192016
41,|,1.3654983270008607,5.124501672999139,5.124501672999135,5.1085086947130725,5.108508694713073,5.1085086947130725,5.1085086947130725,0.9999865555457788,1.3814913052869233,0.0,9.670439137008463,0.0,0.0,9.670439137008463,|,4.587190608276257,4.980425779393301,4.980425779393301,5.108508694713073,6.195393980042654,5.108508694713073,5.108508694713073,1.0,4.459107692956485,0.0,17.83643077182594,0.0,20.434034778852293,38.27046555067823,|,2.0507225232027064,13.826128610058909,7.590546913074093,6.195393980042654,7.075853911503922,6.195393980042654,6.195393980042654,0.9577072712509498,3.4458754562341447,0.0,6.891750912468289,0.0,12.390787960085309,19.282538872553598
42,|,1.3814913052869233,5.108508694713076,5.108508694713073,4.5606987369844205,4.560698736984421,4.5606987369844205,4.5606987369844205,0.9999868563908844,1.9293012630155761,0.0,13.505108841109033,0.0,0.0,13.505108841109033,|,4.459107692956485,6.195393980042655,6.195393980042654,4.560698736984421,4.544705758698357,4.560698736984421,4.560698736984421,1.0,6.0938029360147175,0.0,24.37521174405887,0.0,18.242794947937686,42.618006691996555,|,3.4458754562341447,13.311435608488736,6.235581696984816,4.544705758698357,4.656795695732068,4.544705758698357,4.544705758698357,0.9586272728617603,5.136751394520604,0.0,10.273502789041208,0.0,9.089411517396714,19.362914306437922
43,|,1.9293012630155761,4.560698736984424,4.560698736984421,4.2864396267789875,4.2864396267789875,4.2864396267789875,4.2864396267789875,0.9999871271235753,2.20356037322101,0.0,15.424922612547071,0.0,0.0,15.424922612547071,|,6.0938029360147175,4.544705758698358,4.544705758698357,4.2864396267789875,3.7386296690503364,4.2864396267789875,4.2864396267789875,1.0,6.352069067934087,0.0,25.408276271736348,0.0,17.14575850711595,42.5540347788523,|,5.136751394520604,11.732649607235988,7.075853911503922,3.7386296690503364,1.5561244682634516,3.7386296690503364,3.7386296690503364,0.9593546183745087,8.473975636974188,0.0,16.947951273948377,0.0,7.477259338100673,24.42521061204905
44,|,2.20356037322101,4.28643962677899,4.2864396267789875,5.934180959229707,5.934180959229707,5.934180959229707,5.934180959229707,0.9999874840302296,0.5558190407702908,0.0,3.8907332853920353,0.0,0.0,3.8907332853920353,|,6.352069067934087,3.7386296690503373,3.7386296690503364,5.934180959229707,5.659921849024272,5.934180959229707,5.934180959229707,1.0,4.156517777754717,0.0,16.626071111018867,0.0,23.736723836918827,40.362794947937694,|,8.473975636974188,6.212920163995518,4.656795695732068,5.659921849024272,5.127396606899467,5.659921849024272,5.659921849024272,0.9604083457181546,7.4708494836819845,0.0,14.941698967363969,0.0,11.319843698048544,26.261542665412513
45,|,0.5558190407702908,5.934180959229709,5.934180959229707,5.0586555323165925,5.058655532316593,5.0586555323165925,5.0586555323165925,0.9999877730135633,1.431344467683405,0.0,10.019411273783835,0.0,0.0,10.019411273783835,|,4.156517777754717,5.659921849024272,5.659921849024272,5.058655532316593,6.7063968647673144,5.058655532316593,5.058655532316593,1.0,4.757784094462395,0.0,19.03113637784958,0.0,20.234622129266373,39.265758507115955,|,7.4708494836819845,6.683521075162917,1.5561244682634516,6.7063968647673144,10.549689487397405,6.7063968647673144,6.7063968647673144,0.9615882847314794,2.3205770871781217,0.0,4.6411541743562434,0.0,13.412793729534629,18.053947903890872
46,|,1.431344467683405,5.058655532316596,5.058655532316593,6.609714279427906,6.609714279427905,6.489999999999998,6.489999999999998,0.9994577221729457,-0.11971427942790758,0.11971427942790758,0.0,4.443794052363929,0.0,4.443794052363929,|,4.757784094462395,6.706396864767314,6.7063968647673144,6.609714279427905,5.734188852514791,6.609714279427905,6.609714279427905,1.0,4.854466679801805,0.0,19.41786671920722,0.0,26.43885711771162,45.85672383691884,|,2.3205770871781217,15.677086094296872,5.127396606899467,5.734188852514791,4.257397108893997,5.734188852514791,5.734188852514791,0.9625427808918594,1.7137848415627976,0.0,3.4275696831255953,0.0,11.468377705029582,14.895947388155177
47,|,-0.11971427942790758,6.609714279427908,6.609714279427905,5.859906743830658,5.859906743830658,5.979621023258566,5.859906743830658,0.9994714450663699,0.6300932561693395,0.0,4.410652793185377,0.0,0.0,4.410652793185377,|,4.854466679801805,5.73418885251479,5.734188852514791,5.859906743830658,7.410965490941971,5.859906743830658,5.859906743830658,1.0,4.728748788485937,0.0,18.91499515394375,0.0,23.439626975322632,42.35462212926638,|,1.7137848415627976,14.807086596291402,10.549689487397405,7.410965490941971,8.865341652713875,7.410965490941971,7.410965490941971,0.9637083031146906,4.852508838018233,0.0,9.705017676036466,0.0,14.821930981883941,24.526948657920407
48,|,0.6300932561693395,5.85990674383066,5.859906743830658,4.0147969631261775,4.014796963126178,4.0147969631261775,4.0147969631261775,0.9994804529263895,2.47520303687382,0.0,17.32642125811674,0.0,0.0,17.32642125811674,|,4.728748788485937,7.410965490941969,7.410965490941971,4.014796963126178,3.264989427528933,4.014796963126178,4.014796963126178,1.0,8.12491731630173,0.0,32.49966926520692,0.0,16.059187852504714,48.55885711771163,|,4.852508838018233,13.122738761607874,4.257397108893997,3.264989427528933,2.640899783247548,3.264989427528933,3.264989427528933,0.9641990823438579,5.844916519383297,0.0,11.689833038766594,0.0,6.529978855057866,18.21981189382446
49,|,2.47520303687382,4.01479696312618,4.014796963126178,4.0416316792218865,4.0416316792218865,4.0416316792218865,4.0416316792218865,0.9994892161084861,2.448368320778112,0.0,17.138578245446784,0.0,0.0,17.138578245446784,|,8.12491731630173,3.2649894275289313,3.264989427528933,4.0416316792218865,2.196521898517405,4.0416316792218865,4.0416316792218865,1.0,7.348275064608776,0.0,29.393100258435105,0.0,16.166526716887546,45.55962697532265,|,5.844916519383297,11.506241435961424,8.865341652713875,2.196521898517405,0.0,2.196521898517405,2.196521898517405,0.9645218526619984,12.513736273579767,0.0,25.027472547159533,0.0,4.39304379703481,29.420516344194343
50,|,2.448368320778112,4.041631679221888,4.0416316792218865,5.449108650870278,5.449108650870278,5.449108650870278,5.449108650870278,0.9995005734655672,1.04089134912972,0.0,7.28623944390804,0.0,0.0,7.28623944390804,|,7.348275064608776,2.1965218985174033,2.196521898517405,5.449108650870278,5.4759433669659865,5.449108650870278,5.449108650870278,1.0,4.095688312255903,0.0,16.38275324902361,0.0,21.796434603481114,38.179187852504725,|,12.513736273579767,2.6408997832475496,2.640899783247548,5.4759433669659865,3.2346639247517857,5.4759433669659865,5.4759433669659865,0.9653017376637368,9.678692689861329,0.0,19.357385379722658,0.0,10.951886733931973,30.30927211365463
51,|,1.04089134912972,5.449108650870279,5.449108650870278,4.057537439958953,4.057537439958954,4.057537439958953,4.057537439958953,0.9995087077079033,2.4324625600410457,0.0,17.02723792028732,0.0,0.0,17.02723792028732,|,4.095688312255903,5.475943366965985,5.4759433669659865,4.057537439958954,5.4650144116073465,4.057537439958954,4.057537439958954,1.0,5.514094239262936,0.0,22.056376957051743,0.0,16.230149759835815,38.28652671688756,|,9.678692689861329,3.2346639247517874,0.0,5.4650144116073465,10.125078135608607,5.4650144116073465,5.4650144116073465,0.9660466155309863,4.213678278253982,0.0,8.427356556507965,0.0,10.930028823214693,19.357385379722658
52,|,2.4324625600410457,4.057537439958954,4.057537439958954,5.158909447337027,5.158909447337028,5.158909447337027,5.158909447337027,0.9995186750471525,1.331090552662972,0.0,9.317633868640804,0.0,0.0,9.317633868640804,|,5.514094239262936,5.465014411607345,5.4650144116073465,5.158909447337028,3.767338236425701,5.158909447337028,5.158909447337028,1.0,5.820199203533254,0.0,23.280796814133016,0.0,20.635637789348113,43.91643460348113,|,4.213678278253982,13.359742060360395,3.2346639247517857,3.767338236425701,0.9573610985073415,3.767338236425701,3.767338236425701,0.9665417507940461,3.681003966580067,0.0,7.362007933160134,0.0,7.534676472851402,14.896684406011536
53,|,1.331090552662972,5.158909447337028,5.158909447337028,5.388075616902475,5.388075616902475,5.388075616902475,5.388075616902475,0.9995286623270228,1.1019243830975256,0.0,7.713470681682679,0.0,0.0,7.713470681682679,|,5.820199203533254,3.7673382364257,3.767338236425701,5.388075616902475,6.489447624280549,5.388075616902475,5.388075616902475,1.0,4.199461823056479,0.0,16.797847292225917,0.0,21.5523024676099,38.350149759835816,|,3.681003966580067,11.08243923411595,10.125078135608607,6.489447624280549,7.284714667388306,6.489447624280549,6.489447624280549,0.9673616161772814,7.316634477908126,0.0,14.633268955816252,0.0,12.978895248561098,27.61216420437735
54,|,1.1019243830975256,5.3880756169024755,5.388075616902475,5.437337763404014,5.437337763404013,5.437337763404014,5.437337763404014,0.9995383293715412,1.0526622365959861,0.0,7.368635656171903,0.0,0.0,7.368635656171903,|,4.199461823056479,6.4894476242805474,6.489447624280549,5.437337763404013,5.66650393296946,5.437337763404013,5.437337763404013,1.0,5.251571683933015,0.0,21.00628673573206,0.0,21.749351053616053,42.755637789348114,|,7.316634477908126,8.242075765895649,0.9573610985073415,5.66650393296946,7.516407483011681,5.66650393296946,5.66650393296946,0.9680453404469833,2.607491643446007,0.0,5.214983286892014,0.0,11.33300786593892,16.547991152830935
55,|,1.0526622365959861,5.437337763404015,5.437337763404013,5.418229551174271,5.41822955117427,5.418229551174271,5.418229551174271,0.9995475758932073,1.0717704488257285,0.0,7.502393141780099,0.0,0.0,7.502393141780099,|,5.251571683933015,5.666503932969459,5.66650393296946,5.41822955117427,5.46749169767581,5.41822955117427,5.41822955117427,1.0,5.499846065728206,0.0,21.999384262912823,0.0,21.67291820469708,43.6723024676099,|,2.607491643446007,14.801122150399989,7.284714667388306,5.46749169767581,4.464643983300817,5.46749169767581,5.46749169767581,0.9686784352359114,4.4247146131585025,0.0,8.849429226317005,0.0,10.93498339535162,19.784412621668626
56,|,1.0717704488257285,5.418229551174271,5.41822955117427,4.267815007053072,4.2678150070530725,4.267815007053072,4.267815007053072,0.999554602443543,2.222184992946927,0.0,15.555294950628488,0.0,0.0,15.555294950628488,|,5.499846065728206,5.4674916976758094,5.46749169767581,4.2678150070530725,4.248706794823328,4.2678150070530725,4.2678150070530725,1.0,6.699522756350944,0.0,26.798091025403775,0.0,17.07126002821229,43.869351053616064,|,4.4247146131585025,11.981051466312502,7.516407483011681,4.248706794823328,3.9813242007983902,4.248706794823328,4.248706794823328,0.9691533451619714,7.692415301346855,0.0,15.38483060269371,0.0,8.497413589646657,23.882244192340366
57,|,2.222184992946927,4.267815007053074,4.2678150070530725,3.571717033763198,3.571717033763197,3.571717033763198,3.571717033763198,0.9995603173251273,2.9182829662368013,0.0,20.427980763657608,0.0,0.0,20.427980763657608,|,6.699522756350944,4.248706794823328,4.248706794823328,3.571717033763197,2.421302489641999,3.571717033763197,3.571717033763197,1.0,7.376512517411075,0.0,29.5060500696443,0.0,14.286868135052789,43.79291820469709,|,7.692415301346855,8.445968184099211,4.464643983300817,2.421302489641999,0.07121125489806346,2.421302489641999,2.421302489641999,0.9694176052488979,9.735756795005674,0.0,19.471513590011348,0.0,4.842604979283998,24.314118569295346
58,|,2.9182829662368013,3.571717033763199,3.571717033763197,2.9907826459947087,2.9907826459947087,2.9907826459947087,2.9907826459947087,0.9995649910740843,3.4992173540052898,0.0,24.49452147803703,0.0,0.0,24.49452147803703,|,7.376512517411075,2.421302489641999,2.421302489641999,2.9907826459947087,2.2946846727048325,2.9907826459947087,2.9907826459947087,1.0,6.807032361058366,0.0,27.228129444233463,0.0,11.963130583978835,39.1912600282123,|,9.735756795005674,4.052535455696457,3.9813242007983902,2.2946846727048325,0.9215969383548241,2.2946846727048325,2.2946846727048325,0.9696639011569329,11.422396323099232,0.0,22.844792646198464,0.0,4.589369345409665,27.43416199160813
59,|,3.4992173540052898,2.9907826459947104,2.9907826459947087,4.766560417147497,4.766560417147497,4.766560417147497,4.766560417147497,0.9995722379123503,1.7234395828525013,0.0,12.06407707996751,0.0,0.0,12.06407707996751,|,6.807032361058366,2.2946846727048325,2.2946846727048325,4.766560417147497,4.185626029379009,4.766560417147497,4.766560417147497,1.0,4.3351566166157,0.0,17.3406264664628,0.0,19.06624166858999,36.40686813505279,|,11.422396323099232,0.9928081932528912,0.07121125489806346,4.185626029379009,4.174171797963233,4.185626029379009,4.185626029379009,0.9701030881264525,7.307981548618287,0.0,14.615963097236573,0.0,8.371252058758017,22.98721515599459
60,|,1.7234395828525013,4.766560417147499,4.766560417147497,6.8039523690390284,6.8039523690390284,6.489999999999998,6.489999999999998,0.9985104013610138,-0.31395236903903,0.31395236903903,0.0,11.653911938728793,0.0,11.653911938728793,|,4.3351566166157,4.185626029379009,4.185626029379009,6.8039523690390284,8.579730140191817,6.8039523690390284,6.8039523690390284,1.0,1.7168302769556805,0.0,6.867321107822722,0.0,27.215809476156114,34.083130583978836,|,7.307981548618287,5.09576873631806,0.9215969383548241,8.579730140191817,12.82738365578727,8.22957848697311,8.22957848697311,0.9697885236062735,-0.3501516532187061,0.3501516532187061,0.0,0.0,16.45915697394622,16.45915697394622
61,|,-0.31395236903903,6.803952369039029,6.8039523690390284,3.051329339977242,3.0513293399772428,3.365281709016272,3.051329339977242,0.9985257580164518,3.4386706600227566,0.0,24.070694620159294,0.0,0.0,24.070694620159294,|,1.7168302769556805,8.579730140191817,8.22957848697311,3.0513293399772428,5.088721291868775,3.0513293399772428,3.0513293399772428,1.0,6.895079423951548,0.0,27.58031769580619,0.0,12.205317359908971,39.78563505571516,|,-0.3501516532187061,17.001555453750505,4.174171797963233,5.088721291868775,9.394287930201621,4.174171797963233,3.8240201447445266,0.9661193562325234,-1.2647011471242484,1.2647011471242484,0.0,0.0,8.348343595926465,8.348343595926465
62,|,3.4386706600227566,3.0513293399772428,3.0513293399772428,6.367851011658045,6.367851011658046,6.367851011658045,6.367851011658045,0.9985568075744827,0.1221489883419542,0.0,0.8550429183936794,0.0,0.0,0.8550429183936794,|,6.895079423951548,5.438872945087482,4.174171797963233,6.367851011658046,2.6152279825962594,6.367851011658046,6.367851011658046,1.0,4.701400210256733,0.0,18.805600841026934,0.0,25.471404046632184,44.27700488765912,|,-1.2647011471242484,22.221671585988894,12.82738365578727,2.6152279825962594,0.0,3.879929129720508,2.6152279825962594,0.9664094871256761,8.94745452606676,0.0,17.89490905213352,0.0,7.759858259441016,25.65476731157454
63,|,0.1221489883419542,6.367851011658046,6.367851011658046,3.141260578815811,3.141260578815811,3.141260578815811,3.141260578815811,0.9985716475472222,3.348739421184189,0.0,23.441175948289324,0.0,0.0,23.441175948289324,|,4.701400210256733,3.8799291297205087,3.879929129720508,3.141260578815811,6.4577822504966145,3.141260578815811,3.141260578815811,1.0,5.44006876116143,0.0,21.76027504464572,0.0,12.565042315263245,34.325317359908965,|,8.94745452606676,9.394287930201624,9.394287930201621,6.4577822504966145,6.002490595629542,6.4577822504966145,6.4577822504966145,0.9671050641172587,11.883960205771768,0.0,23.767920411543535,0.0,12.915564500993229,36.68348491253676
64,|,3.348739421184189,3.141260578815811,3.141260578815811,3.7660492723050285,3.7660492723050285,3.7660492723050285,3.7660492723050285,0.998589041770986,2.7239507276949717,0.0,19.0676550938648,0.0,0.0,19.0676550938648,|,5.44006876116143,6.4577822504966145,6.4577822504966145,3.7660492723050285,0.5394588394627959,3.7660492723050285,3.7660492723050285,1.0,8.131801739353016,0.0,32.52720695741206,0.0,15.064197089220114,47.59140404663218,|,11.883960205771768,6.002490595629546,0.0,0.5394588394627959,0.0,0.5394588394627959,0.5394588394627959,0.9671618685107659,11.344501366308972,0.0,22.689002732617944,0.0,1.0789176789255919,23.767920411543535
65,|,2.7239507276949717,3.766049272305028,3.7660492723050285,4.492430236462758,4.492430236462758,4.492430236462758,4.492430236462758,0.9986092447640763,1.9975697635372418,0.0,13.982988344760692,0.0,0.0,13.982988344760692,|,8.131801739353016,0.5394588394627959,0.5394588394627959,4.492430236462758,5.117218929951975,4.492430236462758,4.492430236462758,1.0,4.178830342353053,0.0,16.715321369412212,0.0,17.969720945851034,34.685042315263246,|,11.344501366308972,6.002490595629546,6.002490595629542,5.117218929951975,0.0,5.117218929951975,5.117218929951975,0.9676911060697292,12.22977303198654,0.0,24.45954606397308,0.0,10.23443785990395,34.69398392387703
66,|,1.9975697635372418,4.4924302364627575,4.492430236462758,6.407171498157144,6.407171498157145,6.407171498157144,6.407171498157144,0.998637077614794,0.08282850184285628,0.0,0.579799512899994,0.0,0.0,0.579799512899994,|,4.178830342353053,5.117218929951975,5.117218929951975,6.407171498157145,7.133552462314875,6.407171498157145,6.407171498157145,1.0,2.8888777741478835,0.0,11.555511096591534,0.0,25.62868599262858,37.18419708922011,|,12.22977303198654,3.552713678800501e-15,0.0,7.133552462314875,11.437379324438037,7.133552462314875,7.133552462314875,0.9684010383018962,5.096220569671664,0.0,10.192441139343329,0.0,14.26710492462975,24.45954606397308
67,|,0.08282850184285628,6.407171498157145,6.407171498157145,4.058902947289716,4.058902947289715,4.058902947289716,4.058902947289716,0.9986541403665506,2.4310970527102853,0.0,17.017679368971997,0.0,0.0,17.017679368971997,|,2.8888777741478835,7.133552462314875,7.133552462314875,4.058902947289715,5.9736442089840995,4.058902947289715,4.058902947289715,1.0,5.963527289173044,0.0,23.854109156692175,0.0,16.23561178915886,40.089720945851035,|,5.096220569671664,11.43737932443804,0.0,5.9736442089840995,9.178338038883654,5.096220569671664,5.096220569671664,0.9663180975553206,-0.8774236393124353,0.8774236393124353,0.0,0.0,10.192441139343329,10.192441139343329
68,|,2.4310970527102853,4.058902947289716,4.058902947289715,5.873504732822984,5.873504732822983,5.873504732822984,5.873504732822984,0.9986780883545745,0.6164952671770161,0.0,4.315466870239113,0.0,0.0,4.315466870239113,|,5.963527289173044,5.9736442089841,5.096220569671664,5.873504732822983,3.5252361819555524,5.873504732822983,5.873504732822983,1.0,5.186243126021726,0.0,20.744972504086903,0.0,23.494018931291933,44.238991435378836,|,-0.8774236393124353,20.615717363321693,11.437379324438037,3.5252361819555524,0.0,4.402659821267988,3.5252361819555524,0.9666734416071294,7.034719503170049,0.0,14.069439006340097,0.0,8.805319642535975,22.874758648876075
69,|,0.6164952671770161,5.873504732822985,5.873504732822983,6.135100193751177,6.135100193751176,6.135100193751177,6.135100193751177,0.9987022095144598,0.354899806248822,0.0,2.484298643741754,0.0,0.0,2.484298643741754,|,5.186243126021726,4.4026598212679895,4.402659821267988,6.135100193751176,7.949701979284445,6.135100193751176,6.135100193751176,1.0,3.453802753538538,0.0,13.815211014154151,0.0,24.540400775004706,38.35561178915886,|,7.034719503170049,9.178338038883656,9.178338038883654,7.949701979284445,8.643906044032,7.949701979284445,7.949701979284445,0.9674478930081785,8.26335556276926,0.0,16.52671112553852,0.0,15.89940395856889,32.42611508410741
70,|,0.354899806248822,6.135100193751178,6.135100193751176,6.165984400987113,6.165984400987113,6.165984400987113,6.165984400987113,0.9987255811289726,0.3240155990128857,0.0,2.2681091930901998,0.0,0.0,2.2681091930901998,|,3.453802753538538,7.949701979284446,7.949701979284445,6.165984400987113,6.427579861915308,6.165984400987113,6.165984400987113,1.0,5.23752033183587,0.0,20.95008132734348,0.0,24.66393760394845,45.61401893129193,|,8.26335556276926,8.643906044032002,0.0,6.427579861915308,8.42161569532669,6.427579861915308,6.427579861915308,0.9680482302076772,1.8357757008539517,0.0,3.6715514017079034,0.0,12.855159723830615,16.52671112553852
71,|,0.3240155990128857,6.165984400987115,6.165984400987113,5.049214492333626,5.0492144923336255,5.049214492333626,5.049214492333626,0.9987441019364712,1.440785507666372,0.0,10.085498553664603,0.0,0.0,10.085498553664603,|,5.23752033183587,6.427579861915309,6.427579861915308,5.0492144923336255,5.080098699569561,5.0492144923336255,5.0492144923336255,1.0,6.615885701417552,0.0,26.46354280567021,0.0,20.196857969334502,46.66040077500471,|,1.8357757008539517,17.065521739358694,8.643906044032,5.080098699569561,3.3272653285081617,5.080098699569561,5.080098699569561,0.9685072708280155,5.39958304531639,0.0,10.79916609063278,0.0,10.160197399139122,20.959363489771903
72,|,1.440785507666372,5.049214492333628,5.0492144923336255,5.510946742685257,5.510946742685257,5.510946742685257,5.510946742685257,0.9987637115897994,0.9790532573147406,0.0,6.853372801203184,0.0,0.0,6.853372801203184,|,6.615885701417552,5.080098699569562,5.080098699569561,5.510946742685257,4.394176834031772,5.510946742685257,5.510946742685257,1.0,6.185037658301856,0.0,24.740150633207424,0.0,22.043786970741028,46.78393760394845,|,5.39958304531639,11.748881023834855,8.42161569532669,4.394176834031772,1.8990415557966038,4.394176834031772,4.394176834031772,0.9688938230882264,9.427021906611309,0.0,18.854043813222617,0.0,8.788353668063545,27.64239748128616
73,|,0.9790532573147406,5.51094674268526,5.510946742685257,5.6312993903486825,5.6312993903486825,5.6312993903486825,5.6312993903486825,0.9987831268509627,0.858700609651315,0.0,6.010904267559205,0.0,0.0,6.010904267559205,|,6.185037658301856,4.394176834031773,4.394176834031772,5.6312993903486825,6.093031640700313,5.6312993903486825,5.6312993903486825,1.0,4.947915101984946,0.0,19.791660407939784,0.0,22.52519756139473,42.316857969334514,|,9.427021906611309,5.226306884304769,3.3272653285081617,6.093031640700313,6.98561193416764,6.093031640700313,6.093031640700313,0.969414383409652,6.661255594419157,0.0,13.322511188838314,0.0,12.186063281400626,25.50857447023894
74,|,0.858700609651315,5.631299390348686,5.6312993903486825,5.887702065835798,5.887702065835797,5.887702065835798,5.887702065835798,0.9988027845623789,0.6022979341641994,0.0,4.216085539149396,0.0,0.0,4.216085539149396,|,4.947915101984946,6.093031640700313,6.093031640700313,5.887702065835797,6.008054713499223,5.887702065835797,5.887702065835797,1.0,5.153244676849462,0.0,20.612978707397847,0.0,23.55080826334319,44.163786970741036,|,6.661255594419157,8.884653489964247,1.8990415557966038,6.008054713499223,7.365529917479559,6.008054713499223,6.008054713499223,0.9699109003409624,2.5522424367165373,0.0,5.1044848734330746,0.0,12.016109426998446,17.12059430043152
75,|,0.6022979341641994,5.887702065835801,5.887702065835797,5.057651636667991,5.057651636667991,5.057651636667991,5.057651636667991,0.99881917074677,1.4323483633320055,0.0,10.026438543324039,0.0,0.0,10.026438543324039,|,5.153244676849462,6.008054713499223,6.008054713499223,5.057651636667991,5.314054312155108,5.057651636667991,5.057651636667991,1.0,6.1036477536806935,0.0,24.414591014722774,0.0,20.230606546671964,44.64519756139474,|,2.5522424367165373,14.351141851647203,6.98561193416764,5.314054312155108,5.365127412777706,5.314054312155108,5.314054312155108,0.9703368189880271,4.2238000587290685,0.0,8.447600117458137,0.0,10.628108624310215,19.075708741768352
76,|,1.4323483633320055,5.057651636667994,5.057651636667991,4.670455561985353,4.670455561985354,4.670455561985353,4.670455561985353,0.9988339090767541,1.8195444380146437,0.0,12.736811066102506,0.0,0.0,12.736811066102506,|,6.1036477536806935,5.3140543121551085,5.314054312155108,4.670455561985354,3.840405132817544,4.670455561985354,4.670455561985354,1.0,6.747246503850447,0.0,26.98898601540179,0.0,18.681822247941415,45.670808263343204,|,4.2238000587290685,12.73065733025727,7.365529917479559,3.840405132817544,2.05995162681851,3.840405132817544,3.840405132817544,0.9706371955532991,7.748924843391084,0.0,15.497849686782168,0.0,7.680810265635088,23.178659952417256
77,|,1.8195444380146437,4.6704555619853565,4.670455561985354,2.16792131299536,2.16792131299536,2.16792131299536,2.16792131299536,0.9988406259786891,4.3220786870046375,0.0,30.254550809032462,0.0,0.0,30.254550809032462,|,6.747246503850447,3.840405132817544,3.840405132817544,2.16792131299536,1.7807252383127263,2.16792131299536,2.16792131299536,1.0,8.419730323672631,0.0,33.678921294690525,0.0,8.67168525198144,42.35060654667197,|,7.748924843391084,7.42507903959622,5.365127412777706,1.7807252383127263,0.7499304134603335,1.7807252383127263,1.7807252383127263,0.9707744199521876,11.333327017856064,0.0,22.666654035712128,0.0,3.5614504766254527,26.22810451233758
78,|,4.3220786870046375,2.1679213129953627,2.16792131299536,3.8174463381628034,3.8174463381628034,3.8174463381628034,3.8174463381628034,0.9988522674193538,2.672553661837194,0.0,18.707875632860357,0.0,0.0,18.707875632860357,|,8.419730323672631,1.7807252383127263,1.7807252383127263,3.8174463381628034,1.3149120891728074,3.8174463381628034,3.8174463381628034,1.0,6.383009223822555,0.0,25.53203689529022,0.0,15.269785352651214,40.80182224794143,|,11.333327017856064,2.809882040278847,2.05995162681851,1.3149120891728074,0.0,1.3149120891728074,1.3149120891728074,0.9708749279489064,12.078366555501766,0.0,24.156733111003533,0.0,2.629824178345615,26.786557289349147
79,|,2.672553661837194,3.8174463381628057,3.8174463381628034,4.945153979912191,4.945153979912191,4.945153979912191,4.945153979912191,0.9988670047266868,1.5448460200878067,0.0,10.813922140614647,0.0,0.0,10.813922140614647,|,6.383009223822555,1.3149120891728074,1.3149120891728074,4.945153979912191,6.594679005079635,4.945153979912191,4.945153979912191,1.0,2.7527673330831712,0.0,11.011069332332685,0.0,19.780615919648763,30.79168525198145,|,12.078366555501766,0.7499304134603371,0.7499304134603335,6.594679005079635,7.420819150457785,6.594679005079635,6.594679005079635,0.9713687547511797,6.233617963882465,0.0,12.46723592776493,0.0,13.18935801015927,25.6565939379242
80,|,1.5448460200878067,4.9451539799121935,4.945153979912191,6.248351830009002,6.248351830009002,6.248351830009002,6.248351830009002,0.9988850931892529,0.24164816999099514,0.0,1.691537189936966,0.0,0.0,1.691537189936966,|,2.7527673330831712,6.594679005079635,6.594679005079635,6.248351830009002,7.376059471758389,6.248351830009002,6.248351830009002,1.0,3.0990945081538035,0.0,12.396378032615214,0.0,24.99340732003601,37.389785352651224,|,6.233617963882465,7.420819150457788,0.0,7.376059471758389,12.134009004247158,6.233617963882465,6.233617963882465,0.9690189923377246,-1.1424415078759242,1.1424415078759242,0.0,0.0,12.46723592776493,12.46723592776493
81,|,0.24164816999099514,6.248351830009004,6.248351830009002,7.5103429156680255,7.510342915668026,6.4899999999999975,6.4899999999999975,0.9963480928741267,-1.020342915668028,1.020342915668028,0.0,37.8751290295972,0.0,37.8751290295972,|,3.0990945081538035,7.376059471758389,6.233617963882465,7.510342915668026,8.813540765764838,7.510342915668026,7.510342915668026,1.0,1.8223695563682423,0.0,7.289478225472969,0.0,30.041371662672105,37.330849888145075,|,-1.1424415078759242,19.554828154704946,7.420819150457785,8.813540765764838,8.627969932915093,7.420819150457785,6.2783776425818605,0.9634353624710722,-2.5351631231829774,2.5351631231829774,0.0,0.0,14.84163830091557,14.84163830091557
82,|,-1.020342915668028,7.510342915668027,7.510342915668026,4.828663540788997,4.828663540788998,5.849006456457025,4.828663540788997,0.9963917720040661,1.6613364592110011,0.0,11.629355214477009,0.0,0.0,11.629355214477009,|,1.8223695563682423,9.95598227364076,7.420819150457785,4.828663540788998,6.090654626448023,4.828663540788998,4.828663540788998,1.0,4.414525166037029,0.0,17.658100664148115,0.0,19.314654163155993,36.97275482730411,|,-2.5351631231829774,20.761978937162255,12.134009004247158,6.090654626448023,7.236649048585557,8.625817749631,6.090654626448023,0.9639769236562222,3.5081912546161576,0.0,7.016382509232315,0.0,17.251635499262,24.268018008494316
83,|,1.6613364592110011,4.828663540788998,4.828663540788998,4.541944862499509,4.54194486249951,4.541944862499509,4.541944862499509,0.996431914504389,1.9480551375004902,0.0,13.636385962503432,0.0,0.0,13.636385962503432,|,4.414525166037029,8.625817749631,8.625817749631,4.54194486249951,1.8602654876204774,4.54194486249951,4.54194486249951,1.0,8.498398053168518,0.0,33.99359221267407,0.0,18.16777944999804,52.16137166267211,|,3.5081912546161576,15.864618981500652,8.627969932915093,1.8602654876204774,0.0,1.8602654876204774,1.8602654876204774,0.9641391486658165,10.275895699910773,0.0,20.551791399821546,0.0,3.7205309752409548,24.2723223750625
84,|,1.9480551375004902,4.541944862499509,4.54194486249951,3.6612184810696204,3.6612184810696213,3.6612184810696204,3.6612184810696204,0.9964636285836662,2.8287815189303798,0.0,19.801470632512657,0.0,0.0,19.801470632512657,|,8.498398053168518,1.8602654876204774,1.8602654876204774,3.6612184810696213,3.374499802780136,3.6612184810696213,3.6612184810696213,1.0,6.697445059719374,0.0,26.789780238877498,0.0,14.644873924278485,41.43465416315598,|,10.275895699910773,7.236649048585559,7.236649048585557,3.374499802780136,0.0,3.374499802780136,3.374499802780136,0.9644297239849011,14.138044945716196,0.0,28.27608989143239,0.0,6.748999605560272,35.02508949699266
85,|,2.8287815189303798,3.6612184810696204,3.6612184810696213,6.320062921969912,6.320062921969912,6.320062921969912,6.320062921969912,0.9965170675032425,0.16993707803008906,0.0,1.1895595462106234,0.0,0.0,1.1895595462106234,|,6.697445059719374,3.374499802780136,3.374499802780136,6.320062921969912,5.439336540540021,6.320062921969912,6.320062921969912,1.0,3.7518819405295982,0.0,15.007527762118393,0.0,25.280251687879648,40.28777944999804,|,14.138044945716196,1.7763568394002505e-15,0.0,5.439336540540021,4.485065016174069,5.439336540540021,5.439336540540021,0.9648883158140569,8.698708405176175,0.0,17.39741681035235,0.0,10.878673081080041,28.27608989143239
86,|,0.16993707803008906,6.32006292196991,6.320062921969912,3.5906707228903567,3.5906707228903576,3.5906707228903567,3.5906707228903567,0.9965467148895322,2.8993292771096444,0.0,20.29530493976751,0.0,0.0,20.29530493976751,|,3.7518819405295982,5.439336540540021,5.439336540540021,3.5906707228903576,6.24951516379065,3.5906707228903576,3.5906707228903576,1.0,5.600547758179261,0.0,22.402191032717045,0.0,14.36268289156143,36.764873924278476,|,8.698708405176175,4.485065016174071,0.0,6.24951516379065,11.853922723880718,6.24951516379065,6.24951516379065,0.9654008291431744,2.449193241385525,0.0,4.89838648277105,0.0,12.4990303275813,17.39741681035235
87,|,2.8993292771096444,3.5906707228903567,3.5906707228903576,3.9017027803925948,3.901702780392594,3.9017027803925948,3.9017027803925948,0.9965783634407991,2.588297219607407,0.0,18.11808053725185,0.0,0.0,18.11808053725185,|,5.600547758179261,6.249515163790649,6.24951516379065,3.901702780392594,1.1723105813130381,3.901702780392594,3.901702780392594,1.0,7.948360141577318,0.0,31.793440566309272,0.0,15.606811121570376,47.400251687879646,|,2.449193241385525,16.33898774005479,4.485065016174069,1.1723105813130381,0.0,1.1723105813130381,1.1723105813130381,0.9654953065653739,5.761947676246556,0.0,11.523895352493112,0.0,2.3446211626260762,13.868516515119188
88,|,2.588297219607407,3.9017027803925926,3.901702780392594,4.513248939187975,4.513248939187975,4.513248939187975,4.513248939187975,0.9966142565067344,1.9767510608120258,0.0,13.83725742568418,0.0,0.0,13.83725742568418,|,7.948360141577318,1.1723105813130372,1.1723105813130381,4.513248939187975,4.824280996690214,4.513248939187975,4.513248939187975,1.0,4.607421783702381,0.0,18.429687134809523,0.0,18.0529957567519,36.482682891561424,|,5.761947676246556,11.853922723880721,11.853922723880718,4.824280996690214,0.0,4.824280996690214,4.824280996690214,0.9658787289425916,12.791589403437062,0.0,25.583178806874123,0.0,9.648561993380428,35.23174080025455
89,|,1.9767510608120258,4.513248939187974,4.513248939187975,3.9990294399655237,3.9990294399655237,3.9990294399655237,3.9990294399655237,0.9966454366416928,2.4909705600344774,0.0,17.436793920241342,0.0,0.0,17.436793920241342,|,4.607421783702381,4.824280996690213,4.824280996690214,3.9990294399655237,4.610575598760905,3.9990294399655237,3.9990294399655237,1.0,5.432673340427071,0.0,21.730693361708283,0.0,15.996117759862095,37.72681112157038,|,12.791589403437062,3.552713678800501e-15,0.0,4.610575598760905,7.944813350809435,4.610575598760905,4.610575598760905,0.9662372867423608,8.181013804676157,0.0,16.362027609352314,0.0,9.22115119752181,25.583178806874123
90,|,2.4909705600344774,3.999029439965523,3.9990294399655237,6.773876785213478,6.773876785213478,6.490000000000001,6.490000000000001,0.9960532718496264,-0.2838767852134767,0.2838767852134767,0.0,10.537506267124254,0.0,10.537506267124254,|,5.432673340427071,4.610575598760904,4.610575598760905,6.773876785213478,6.259657285991025,6.773876785213478,6.773876785213478,1.0,3.2693721539744978,0.0,13.077488615897991,0.0,27.09550714085391,40.1729957567519,|,8.181013804676157,7.944813350809438,0.0,6.259657285991025,4.920186230043882,6.259657285991025,6.259657285991025,0.9667122001966078,1.9213565186851316,0.0,3.842713037370263,0.0,12.51931457198205,16.362027609352314
91,|,-0.2838767852134767,6.773876785213476,6.773876785213478,5.555783050703722,5.555783050703723,5.839659835917199,5.555783050703722,0.9961023730901096,0.9342169492962791,0.0,6.5395186450739535,0.0,0.0,6.5395186450739535,|,3.2693721539744978,6.259657285991024,6.259657285991025,5.555783050703723,8.33063039595168,5.555783050703723,5.555783050703723,1.0,3.9732463892618,0.0,15.8929855570472,0.0,22.22313220281489,38.11611775986209,|,1.9213565186851316,12.86499958085332,7.944813350809435,8.33063039595168,13.268778927652207,8.33063039595168,8.33063039595168,0.967323894910209,1.5355394735428867,0.0,3.0710789470857733,0.0,16.66126079190336,19.732339738989133
92,|,0.9342169492962791,5.55578305070372,5.555783050703723,4.451288028292646,4.451288028292647,4.451288028292646,4.451288028292646,0.9961408401011953,2.0387119717073556,0.0,14.27098380195149,0.0,0.0,14.27098380195149,|,3.9732463892618,8.330630395951678,8.33063039595168,4.451288028292647,3.2331942937828906,4.451288028292647,4.451288028292647,1.0,7.852588756920832,0.0,31.410355027683327,0.0,17.80515211317059,49.215507140853916,|,1.5355394735428867,18.188965157696096,4.920186230043882,3.2331942937828906,1.3112263239858315,3.2331942937828906,3.2331942937828906,0.9675552864719424,3.222531409803878,0.0,6.445062819607756,0.0,6.466388587565781,12.911451407173537
93,|,2.0387119717073556,4.4512880282926455,4.451288028292647,6.080015754404081,6.08001575440408,6.080015754404081,6.080015754404081,0.9961921716709807,0.40998424559592195,0.0,2.8698897191714536,0.0,0.0,2.8698897191714536,|,7.852588756920832,3.233194293782889,3.2331942937828906,6.08001575440408,4.975520731993003,6.08001575440408,6.08001575440408,1.0,5.005767296299641,0.0,20.023069185198565,0.0,24.32006301761632,44.343132202814886,|,3.222531409803878,14.580005251638045,13.268778927652207,4.975520731993003,0.0,4.975520731993003,4.975520731993003,0.967905038967879,11.515789605463082,0.0,23.031579210926164,0.0,9.951041463986005,32.98262067491217
94,|,0.40998424559592195,6.080015754404077,6.08001575440408,4.2475664152457515,4.247566415245752,4.2475664152457515,4.2475664152457515,0.9962272297091552,2.2424335847542505,0.0,15.697035093279753,0.0,0.0,15.697035093279753,|,5.005767296299641,4.975520731993001,4.975520731993003,4.247566415245752,5.876294141357188,4.247566415245752,4.247566415245752,1.0,5.7337216130468915,0.0,22.934886452187566,0.0,16.99026566098301,39.925152113170576,|,11.515789605463082,1.3112263239858386,1.3112263239858315,5.876294141357188,10.343526670012707,5.876294141357188,5.876294141357188,0.9683085211587245,6.950721788091726,0.0,13.901443576183452,0.0,11.752588282714376,25.654031858897827
95,|,2.2424335847542505,4.24756641524575,4.247566415245752,6.15879496803651,6.15879496803651,6.15879496803651,6.15879496803651,0.9962769309134669,0.33120503196349294,0.0,2.3184352237444505,0.0,0.0,2.3184352237444505,|,5.7337216130468915,5.876294141357187,5.876294141357188,6.15879496803651,4.32634562887818,6.15879496803651,6.15879496803651,1.0,5.4512207863675695,0.0,21.804883145470278,0.0,24.63517987214604,46.44006301761632,|,6.950721788091726,10.343526670012714,0.0,4.32634562887818,1.7659419729725983,4.32634562887818,4.32634562887818,0.9685991552362028,2.624376159213546,0.0,5.248752318427092,0.0,8.65269125775636,13.901443576183452
96,|,0.33120503196349294,6.158794968036507,6.15879496803651,5.750871329835308,5.750871329835308,5.750871329835308,5.750871329835308,0.9963221722924064,0.7391286701646953,0.0,5.173900691152867,0.0,0.0,5.173900691152867,|,5.4512207863675695,4.326345628878179,4.32634562887818,5.750871329835308,7.662099882626066,5.750871329835308,5.750871329835308,1.0,4.0266950854104415,0.0,16.106780341641766,0.0,23.00348531934123,39.110265660982996,|,2.624376159213546,12.109468642985313,10.343526670012707,7.662099882626066,9.855829262096144,7.662099882626066,7.662099882626066,0.9691010064288745,5.305802946600188,0.0,10.611605893200377,0.0,15.324199765252132,25.93580565845251
97,|,0.7391286701646953,5.750871329835306,5.750871329835308,3.737287306957098,3.7372873069570973,3.737287306957098,3.737287306957098,0.9963509882354454,2.7527126930429047,0.0,19.268988851300332,0.0,0.0,19.268988851300332,|,4.0266950854104415,7.662099882626066,7.662099882626066,3.7372873069570973,3.3293636687558923,3.7372873069570973,3.7372873069570973,1.0,7.95150766107941,0.0,31.80603064431764,0.0,14.94914922782839,46.75517987214603,|,5.305802946600188,11.62177123506875,1.7659419729725983,3.3293636687558923,4.345965731511818,3.3293636687558923,3.3293636687558923,0.9693141075888262,3.7423812508168943,0.0,7.484762501633789,0.0,6.658727337511785,14.143489839145573
98,|,2.7527126930429047,3.7372873069570947,3.7372873069570973,4.2092994654899965,4.209299465489997,4.2092994654899965,4.2092994654899965,0.9963829076117467,2.2807005345100055,0.0,15.964903741570039,0.0,0.0,15.964903741570039,|,7.95150766107941,3.3293636687558923,3.3293636687558923,4.209299465489997,2.195715442611789,4.209299465489997,4.209299465489997,1.0,7.071571864345306,0.0,28.286287457381224,0.0,16.83719786195999,45.12348531934121,|,3.7423812508168943,14.201794993607969,9.855829262096144,2.195715442611789,0.0,2.195715442611789,2.195715442611789,0.9694530465995667,11.40249507030125,0.0,22.8049901406025,0.0,4.391430885223578,27.196421025826076
99,|,2.2807005345100055,4.209299465489995,4.209299465489997,4.829211151685497,4.829211151685497,4.829211151685497,4.829211151685497,0.9964188468115128,1.660788848314506,0.0,11.62552193820154,0.0,0.0,11.62552193820154,|,7.071571864345306,2.195715442611789,2.195715442611789,4.829211151685497,5.301223310218395,4.829211151685497,4.829211151685497,1.0,4.438076155271597,0.0,17.752304621086388,0.0,19.316844606741988,37.069149227828376,|,11.40249507030125,4.345965731511825,4.345965731511818,5.301223310218395,2.910490109550011,5.301223310218395,5.301223310218395,0.9697833641112635,10.447237491594672,0.0,20.894474983189344,0.0,10.60244662043679,31.496921603626134
